0.6-1万/月,工装夹具设计工程师,上海,无工作经验,招若干人,04-20发布
6-8千/月,机械工程师应届生,上海-闵行区,无工作经验,本科,招9人,04-20发布
0.6-2万/月,机械/研发工程师,上海-松江区,无工作经验,本科,招5人,04-20发布,英语熟练,机械设计制造及其自动化金属材料工程
4.5-5.5千/月,机械（工艺）设计工程师（临港）,上海,1年经验,中专,招2人,04-20发布,机械设计制造及其自动化机械制造工艺与设备
6-8千/月,机械设计工程师,上海-奉贤区,2年经验,大专,招1人,04-20发布,机械电子工程/机电一体化机械设计制造及其自动化
0.8-1万/月,急聘：机械工程师（需四氯乙烯开发经验）,上海-宝山区,无工作经验,招1人,04-20发布
1-1.5万/月,机械设计工程师,上海-浦东新区,8-9年经验,本科,招2人,04-20发布,英语熟练,机械设计制造及其自动化机械工程及自动化
20-30万/年,机械工程师,上海-嘉定区,3-4年经验,本科,招5人,04-20发布
0.9-1.5万/月,机械设计工程师,上海,2年经验,硕士,招1人,04-20发布,英语良好,机械设计制造及其自动化机械制造工艺与设备
5-6千/月,机械加工质量检验,南通,10年以上经验,中专,招2人,04-20发布,普通话良好
2-2.5万/月,机械设计主管,上海-松江区,8-9年经验,本科,招若干人,04-20发布
4.5-6千/月,机械装配工,上海,1年经验,中技,招1人,04-20发布
1.5-2万/月,精密机械设计工程师,上海-浦东新区,8-9年经验,本科,招1人,04-20发布,英语,测控技术与仪器机械设计制造及其自动化
4-8千/月,机械加工工艺绘图员,上海-奉贤区,无工作经验,招若干人,04-20发布
0.8-1.2万/月,机械工程师,上海-闵行区,1年经验,本科,招5人,04-20发布,英语良好,机械设计制造及其自动化机械电子工程/机电一体化
1-1.5万/月,机械工程师,上海-浦东新区,5-7年经验,本科,招3人,04-20发布,机械设计制造及其自动化过程装备与控制工程
0.9-1.1万/月,项目设备机械工程师,上海-闵行区,2年经验,本科,招1人,04-20发布,英语良好,机械设计制造及其自动化机械制造工艺与设备
15-20万/年,机械维修工程师,上海-青浦区,3-4年经验,本科,招1人,04-20发布,英语
4.5-6千/月,机械设计助理,上海-浦东新区,2年经验,大专,招6人,04-20发布,机械工程及自动化机械设计制造及其自动化
6-8千/月,自动化机械工程师,上海-奉贤区,2年经验,大专,招2人,04-20发布
6-8千/月,机械设计员,上海-嘉定区,无工作经验,大专,招2人,04-20发布,普通话良好,机械设计制造及其自动化
1.2-3万/月,机械结构工程师,上海-虹口区,无工作经验,招2人,04-20发布
1-2万/月,机械工程师(职位编号：080102001),上海-松江区,3-4年经验,大专,招若干人,04-20发布,机械设计制造及其自动化机械制造工艺与设备
0.6-1.2万/月,机械研发工程师,上海,无工作经验,本科,招2人,04-20发布
1-1.5万/月,钣金设计师结构设计师机械工程师,上海,5-7年经验,大专,招若干人,04-20发布,机械设计制造及其自动化工业设计
0.6-1.2万/月,机械设计工程师（传统五金）,上海-闵行区,3-4年经验,招若干人,04-20发布,机械设计制造及其自动化机械电子工程/机电一体化
0.8-1万/月,机械设计工程师（设备应用）,上海-青浦区,2年经验,本科,招3人,04-20发布,机械电子工程/机电一体化机械设计制造及其自动化
5-8千/月,机械工程师,上海-青浦区,无工作经验,本科,招1人,04-20发布
6-9千/月,机械设计工程师,上海-松江区,2年经验,大专,招2人,04-20发布,机械制造工艺与设备工业设计
4.5-6千/月,机械工程师,上海-青浦区,5-7年经验,大专,招1人,04-20发布
4-4.5千/月,机械检验员,上海-松江区,3-4年经验,大专,招2人,04-20发布,材料科学与工程工业设计
15-30万/年,机械系统强度-工程师/助理工程师,上海,1年经验,本科,招若干人,04-20发布
0.6-2万/月,非标机械设计师（会日语）,上海-松江区,无工作经验,本科,招3人,04-20发布,日语熟练英语良好
4-6千/月,机械工程师,上海-长宁区,无工作经验,大专,招3人,04-20发布,机械设计制造及其自动化机械电子工程/机电一体化
0.6-1万/月,NIKKISO机械销售工程师,上海-长宁区,1年经验,中专,招2人,04-20发布,英语良好,机械制造工艺与设备化工设备与机械
0.8-1.2万/月,烟气脱硫设备/机械工程师,上海-杨浦区,3-4年经验,本科,招2人,04-20发布
1-1.5万/月,机械设计工程师-配液产品线,上海,2年经验,招1人,04-20发布
0.8-1.5万/月,机械设计工程师,上海-浦东新区,3-4年经验,本科,招若干人,04-20发布
0.8-1.1万/月,机械工艺工程师,上海-闵行区,3-4年经验,大专,招1人,04-20发布
1-1.5万/月,机械结构设计-上海嘉定区,上海-嘉定区,无工作经验,招若干人,04-20发布
0.6-1.5万/月,机械设计工程师,上海-松江区,1年经验,大专,招2人,04-20发布,机械设计制造及其自动化机械工程及自动化
0.8-1万/月,机械设计工程师,上海-浦东新区,3-4年经验,大专,招若干人,04-20发布
0.8-1万/月,机械设计工程师,上海-闵行区,2年经验,大专,招2人,04-20发布,英语一般,机械设计制造及其自动化
0.6-1万/月,机械设计助理,上海-闵行区,无工作经验,本科,招3人,04-20发布,英语熟练,机械设计制造及其自动化机械电子工程/机电一体化
40-50万/年,机械设计工程师,上海-嘉定区,5-7年经验,本科,招1人,04-20发布
8-10万/年,机械技师,上海-徐汇区,3-4年经验,大专,招若干人,04-20发布,英语良好
6-8千/月,机械结构工程师,上海-嘉定区,3-4年经验,本科,招若干人,04-20发布,英语良好,机械电子工程/机电一体化
6-8千/月,机械设计工程师,上海-奉贤区,2年经验,大专,招若干人,04-20发布
6-8千/月,机械技师,上海,无工作经验,招若干人,04-20发布
0.8-1.8万/月,机械工程师,嘉兴,3-4年经验,大专,招2人,04-20发布
6-8千/月,机械结构工程师,上海-奉贤区,3-4年经验,中专,招2人,04-20发布
1-1.5万/月,机械设计工程师,上海-青浦区,5-7年经验,大专,招5人,04-20发布,机械设计制造及其自动化机械工程及自动化
0.8-1.5万/月,Machineryengineer机械工程师,上海-闵行区,5-7年经验,本科,招1人,04-20发布,英语熟练,机械设计制造及其自动化机械制造工艺与设备
6-8千/月,自动化机械结构设计工程师/绘图员,上海-松江区,3-4年经验,大专,招3人,04-20发布,机械设计制造及其自动化机械电子工程/机电一体化
10-15万/年,专机设计机械工程（校招）,上海,无工作经验,招若干人,04-20发布
4.5-6千/月,机械质检员,上海-宝山区,1年经验,中技,招若干人,04-20发布,机械设计制造及其自动化机械制造工艺与设备
0.8-1万/月,研发工程师-机械类,上海-青浦区,无工作经验,本科,招2人,04-20发布,英语良好,机械设计制造及其自动化机械工程及自动化
10-15万/年,机械工程师液压、润滑系统设计,上海-闵行区,无工作经验,招2人,04-20发布
6-8千/月,机械设计工程师,上海-浦东新区,3-4年经验,大专,招3人,04-20发布,机械设计制造及其自动化机械电子工程/机电一体化
0.6-1.5万/月,机械绘图员,上海-奉贤区,2年经验,本科,招2人,04-20发布,普通话良好,机械设计制造及其自动化机械电子工程/机电一体化
0.8-1万/月,机械工程师,上海-浦东新区,5-7年经验,大专,招2人,04-20发布,日语良好,机械工程及自动化
,MechanicalTestEngineer机械测试工程师,上海-松江区,无工作经验,招1人,04-20发布
1-1.5万/月,机械工程师,上海-杨浦区,3-4年经验,本科,招若干人,04-20发布
4-5千/月,机械销售、泵销售、电气销售、仪器仪表销售,上海,1年经验,大专,招若干人,04-20发布
0.8-1万/月,机械设计工程师,上海-闵行区,2年经验,招2人,04-20发布
3-4.5千/月,机械设计,嘉兴,无工作经验,招2人,04-20发布
1-1.5万/月,机械工程师,太仓,3-4年经验,本科,招1人,04-20发布,英语熟练
1-2.5万/月,（医疗器械）机械研发工程师,上海,2年经验,本科,招若干人,04-20发布,英语良好,机械设计制造及其自动化材料成型及控制工程
4-6千/月,销售经理-（机械）,上海-闵行区,1年经验,大专,招10人,04-20发布,普通话熟练,机械设计制造及其自动化市场营销
1-1.5万/月,机械设备业务代表,上海-嘉定区,无工作经验,初中及以下,招3人,04-20发布,普通话良好
0.8-1万/月,机械工程师-传送带,上海-松江区,3-4年经验,本科,招1人,04-20发布,英语良好,机械设计制造及其自动化
20-30万/年,厂务机械科科长,上海-浦东新区,无工作经验,招1人,04-20发布
1-1.5万/月,机械设计工程师(非标自动化）,上海-松江区,5-7年经验,大专,招3人,04-20发布,机械设计制造及其自动化机械电子工程/机电一体化
,工程-机械工程师,上海-浦东新区,3-4年经验,本科,招8人,04-20发布
0.6-1万/月,机械工程师,上海-浦东新区,无工作经验,招1人,04-20发布
0.6-1.5万/月,机械工程师,上海-松江区,2年经验,大专,招3人,04-20发布
4.5-6千/月,机械工程师,上海-嘉定区,无工作经验,大专,招1人,04-20发布
10-15万/年,机械销售工程师,上海-松江区,3-4年经验,大专,招1人,04-20发布,机械工程及自动化机械电子工程/机电一体化
4-6千/月,机械设计工程师,上海-闵行区,1年经验,大专,招2人,04-20发布,机械制造工艺与设备机械设计制造及其自动化
4.5-6千/月,机械绘图员(职位编号：016),上海-松江区,2年经验,本科,招2人,04-20发布,普通话良好,电气工程及其自动化机械设计制造及其自动化
4.5-6千/月,机械装配工程师,上海,2年经验,中技,招1人,04-20发布,机械电子工程/机电一体化机械工程及自动化
6-8千/月,机械工程师,上海-金山区,1年经验,大专,招1人,04-20发布
1-1.5万/月,非标机械设计师,上海-松江区,3-4年经验,大专,招1人,04-20发布
5.5-6.5千/月,机械绘图员,上海-奉贤区,无工作经验,大专,招4人,04-20发布,英语一般,机械设计制造及其自动化
0.8-1万/月,自动化机械设备设计工程师（汽车零部件行业）,上海-浦东新区,5-7年经验,本科,招1人,04-20发布
0.8-1.2万/月,机械设计工程师,上海-松江区,3-4年经验,大专,招5人,04-20发布
0.8-1万/月,机械工程师,上海-松江区,无工作经验,招1人,04-20发布
0.8-1.2万/月,机械设计工程师,上海-松江区,3-4年经验,本科,招1人,04-20发布,英语良好,机械电子工程/机电一体化
8-10万/年,机械设计,上海-浦东新区,10年以上经验,大专,招1人,04-20发布
0.5-1万/月,机械钣金设计CAD,上海-松江区,1年经验,高中,招1人,04-20发布,普通话
1-1.5万/月,高级机械工程师,上海-闵行区,5-7年经验,本科,招2人,04-20发布,英语良好,机械电子工程/机电一体化机械设计制造及其自动化
4.5-6千/月,机械检验员,上海-闵行区,3-4年经验,高中,招1人,04-20发布,普通话,机械电子工程/机电一体化机械设计制造及其自动化
0.6-1.5万/月,机械设计工程师,上海,3-4年经验,本科,招1人,04-20发布,英语熟练,机械设计制造及其自动化
0.8-1.2万/月,机械研发工程师,上海-黄浦区,3-4年经验,大专,招1人,04-20发布
1-2万/月,急聘高级研发工程师/机械设计师,上海-浦东新区,无工作经验,本科,招1人,04-20发布
4-6.5千/月,机械绘图员,上海-金山区,1年经验,大专,招10人,04-20发布
6-8千/月,机械工程师,上海-闵行区,3-4年经验,大专,招1人,04-20发布,英语,机械工程及自动化
0.8-2.5万/月,机械设计工程师-非标,上海-嘉定区,3-4年经验,大专,招15人,04-20发布
0.5-1万/月,机械设计（技术部）,上海-松江区,无工作经验,本科,招若干人,04-20发布
0.4-1.5万/月,机械配件销售专员,上海-浦东新区,1年经验,大专,招6人,04-20发布,机械设计制造及其自动化机械制造工艺与设备
0.7-1.5万/月,机械工程师,上海-奉贤区,5-7年经验,大专,招3人,04-20发布
5-7千/月,机械制图设计员,上海-徐汇区,无工作经验,本科,招若干人,04-20发布,英语一般
6-8千/月,机械工程师,上海-宝山区,无工作经验,大专,招3人,04-20发布
6-8千/月,机械工程师,上海-奉贤区,1年经验,本科,招1人,04-20发布,英语,机械设计制造及其自动化电气工程及其自动化
1-1.5万/月,机械设计工程师,上海-奉贤区,3-4年经验,招若干人,04-20发布
7-8千/月,机械工程师,上海,1年经验,大专,招1人,04-20发布,英语良好,机械制造工艺与设备制造工程
5-8千/月,机械工程师,上海-金山区,3-4年经验,大专,招1人,04-20发布
10-15万/年,机械设计工程师(职位编号：004),上海-闵行区,2年经验,大专,招2人,04-20发布
1.2-1.5万/月,高级机械设计工程师,上海-闵行区,5-7年经验,本科,招2人,04-20发布,英语良好,机械设计制造及其自动化机械工程及自动化
1-1.5万/月,机械设计工程师,上海-金山区,3-4年经验,大专,招1人,04-20发布
0.8-1.5万/月,非标机械设计师（青浦、嘉定）(职位编号：NY01),上海,3-4年经验,大专,招5人,04-20发布
0.5-1.5万/月,机械工程师,上海-青浦区,无工作经验,本科,招5人,04-20发布,机械设计制造及其自动化机械制造工艺与设备
0.6-1.2万/月,机械设计工程师(职位编号：1),上海-闵行区,无工作经验,招2人,04-20发布
4.5-6千/月,机械设计/生产技术,上海-嘉定区,2年经验,大专,招1人,04-20发布
1-1.5万/月,机械设计工程师,上海-嘉定区,3-4年经验,大专,招5人,04-20发布,机械工程及自动化机械电子工程/机电一体化
0.8-1万/月,机械工程师,上海-宝山区,2年经验,大专,招3人,04-20发布,机械电子工程/机电一体化
0.6-1万/月,机械工程师,上海-奉贤区,3-4年经验,大专,招3人,04-20发布,制药工程食品科学与工程
0.8-1.2万/月,总经理助理（机械行业研发方向）,上海-奉贤区,无工作经验,大专,招1人,04-20发布
1-1.5万/月,工程机械外贸业务员(职位编号：1),上海,2年经验,大专,招6人,04-20发布,英语熟练,国际经济与贸易机械工程及自动化
1-1.5万/月,机械工程师,上海-闵行区,无工作经验,本科,招若干人,04-20发布
0.8-1.2万/月,机械设计师,上海-闵行区,3-4年经验,大专,招2人,04-20发布,机械设计制造及其自动化机械电子工程/机电一体化
8-20万/年,机械设计工程师,上海-闵行区,5-7年经验,本科,招2人,04-20发布,普通话熟练英语良好,机械设计制造及其自动化模具设计与制造
0.8-1万/月,机械工程师,上海-嘉定区,5-7年经验,本科,招2人,04-20发布,英语一般
10-15万/年,机械工程师(职位编号：001),上海-闵行区,1年经验,本科,招2人,04-20发布,普通话一般
0.8-1.4万/月,机械设计工程师,上海-宝山区,1年经验,大专,招3人,04-20发布,普通话熟练,机械制造工艺与设备机械工程及自动化
0.8-1万/月,机械设计工程师,上海-奉贤区,2年经验,大专,招若干人,04-20发布,机械设计制造及其自动化制造自动化与测控技术
0.8-1.5万/月,机械设计工程师,上海-杨浦区,2年经验,本科,招2人,04-20发布,机械工程及自动化机械设计制造及其自动化
1-1.5万/月,机械工程师(职位编号：01),上海-浦东新区,1年经验,大专,招1人,04-20发布,机械电子工程/机电一体化
0.8-1.8万/月,机械工程师,上海,5-7年经验,本科,招5人,04-20发布,机械设计制造及其自动化机械电子工程/机电一体化
0.7-1.3万/月,机械工程师,上海-嘉定区,3-4年经验,本科,招若干人,04-20发布,英语一般,机械设计制造及其自动化机械电子工程/机电一体化
0.8-2万/月,机械工程师(职位编号：01),上海-闵行区,3-4年经验,大专,招3人,04-20发布,英语普通话
0.8-1万/月,机械设计工程师,上海-浦东新区,2年经验,本科,招1人,04-20发布,英语良好,机械设计制造及其自动化
5-8千/月,机械绘图员,上海-浦东新区,3-4年经验,大专,招2人,04-20发布,普通话熟练英语一般,机械设计制造及其自动化机械制造工艺与设备
6-9千/月,机械设计工程师,上海-闵行区,2年经验,大专,招4人,04-20发布,机械设计制造及其自动化机械工程及自动化
4-8千/月,机械设计与应用工程师,上海-浦东新区,2年经验,本科,招1人,04-20发布,英语熟练,机械设计制造及其自动化机械工程及自动化
0.7-2万/月,机械工程师,上海,无工作经验,大专,招若干人,04-20发布,英语良好,机械设计制造及其自动化电气工程及其自动化
,机械电子研发工程师,上海,1年经验,本科,招1人,04-20发布,英语熟练
1-1.5万/月,产品企划经理&主管（工程机械业务）,上海-闵行区,5-7年经验,本科,招2人,04-20发布,机械设计制造及其自动化
0.7-1.3万/月,水泵工程师（流体机械专业）上涵,上海-青浦区,3-4年经验,本科,招3人,04-20发布,机械设计制造及其自动化
0.8-1.2万/月,机械工程师,上海,3-4年经验,本科,招1人,04-20发布,英语熟练
0.8-2万/月,机械设计,上海,2年经验,大专,招2人,04-20发布,普通话
1-1.5万/月,高级机械工程师嘉定,上海-嘉定区,3-4年经验,本科,招2人,04-20发布,英语熟练,机械设计制造及其自动化机械工程及自动化
0.6-1.3万/月,机械设计工程师,上海-浦东新区,5-7年经验,大专,招若干人,04-20发布,英语一般,机械设计制造及其自动化机械制造工艺与设备
1.4-2万/月,机械工程师,上海-徐汇区,无工作经验,招1人,04-20发布
1-1.5万/月,机械工程师,上海-松江区,3-4年经验,大专,招5人,04-20发布
0.8-1.5万/月,非标机械工程师,上海-闵行区,3-4年经验,本科,招1人,04-20发布,英语良好
6-8千/月,机械工程师,上海-奉贤区,2年经验,本科,招2人,04-20发布,机械设计制造及其自动化
4.5-6千/月,机械检验,上海,无工作经验,招2人,04-20发布
8-10万/年,机械设计工程师,上海-嘉定区,1年经验,大专,招若干人,04-20发布,英语良好,电气工程及其自动化自动化
3-4.5千/月,机械制图员,上海-嘉定区,1年经验,大专,招2人,04-20发布
6-8千/月,机械设计工程师,上海-宝山区,无工作经验,招1人,04-20发布
6-8千/月,机械装配工,上海-松江区,3-4年经验,中技,招若干人,04-20发布
0.8-1万/月,机械工程师(详图设计),上海-闵行区,3-4年经验,大专,招3人,04-20发布,英语一般,机械设计制造及其自动化机械电子工程/机电一体化
0.7-1万/月,质量检验工程师（机械加工）,上海-静安区,无工作经验,招1人,04-20发布
10-15万/年,机械工程师,上海-浦东新区,8-9年经验,大专,招1人,04-20发布,英语良好,机械设计制造及其自动化机械电子工程/机电一体化
6-8千/月,绘图员/CAD制图/机械绘图,上海-青浦区,无工作经验,招若干人,04-20发布
6-8千/月,机械设计工程师,上海-松江区,无工作经验,招1人,04-20发布
0.6-1万/月,技术支持（工业机械类）,上海-浦东新区,1年经验,大专,招1人,04-20发布,英语良好
6-8千/月,机械设备工程师,上海-徐汇区,无工作经验,中专,招10人,04-20发布
10-15万/年,机械设计工程师,上海-嘉定区,3-4年经验,大专,招3人,04-20发布,英语一般,机械设计制造及其自动化机械电子工程/机电一体化
0.6-1万/月,机械高级工程师,上海-浦东新区,3-4年经验,大专,招1人,04-20发布
0.8-1.5万/月,研发工程师（机械）,上海,无工作经验,招1人,04-20发布
0.8-1万/月,机械结构设计师,上海-嘉定区,3-4年经验,本科,招若干人,04-20发布
0.8-1万/月,机械设计工程师(000550)(职位编号：000550),上海-闵行区,无工作经验,本科,招4人,04-20发布
0.8-1万/月,机械结构工程师,上海-闵行区,1年经验,大专,招2人,04-20发布
6-8千/月,机械设计工程师,上海-普陀区,3-4年经验,本科,招2人,04-20发布,机械设计制造及其自动化
0.6-1万/月,机械工程师,上海,2年经验,本科,招1人,04-20发布,英语良好,机械设计制造及其自动化机械制造工艺与设备
3.5-4.5千/月,机械开发实习生,上海,无工作经验,本科,招2人,04-20发布
0.8-1万/月,机械管理员,上海-徐汇区,5-7年经验,大专,招1人,04-20发布,英语良好
0.7-1万/月,自动化机械工程师,上海-浦东新区,3-4年经验,本科,招1人,04-20发布,机械设计制造及其自动化机械工程及自动化
6-8千/月,机械工程师,上海-浦东新区,3-4年经验,本科,招若干人,04-20发布
4.5-6千/月,工程/机械绘图员,上海-静安区,1年经验,大专,招若干人,04-20发布
0.8-1.5万/月,机械工程师,上海-嘉定区,无工作经验,招1人,04-20发布
0.8-1.2万/月,高级机械工程师,上海-松江区,5-7年经验,本科,招1人,04-20发布,普通话精通,机械设计制造及其自动化
5.5-8千/月,机械工程师,上海-浦东新区,无工作经验,大专,招2人,04-20发布
6-8千/月,机械绘图员,上海-松江区,1年经验,大专,招2人,04-20发布,机械设计制造及其自动化机械工程及自动化
1.5-2.5万/月,机械设计经理（日语）,上海-宝山区,10年以上经验,本科,招1人,04-20发布,日语熟练,机械设计制造及其自动化
0.6-1.2万/月,机械工程师/机械设计工程师,上海-闵行区,2年经验,大专,招2人,04-20发布
8-10万/年,机械设计工程师,上海,3-4年经验,本科,招3人,04-20发布,英语良好,机械设计制造及其自动化
0.8-1.5万/月,机械工程师,上海-闵行区,无工作经验,本科,招2人,04-20发布
0.8-1万/月,机械设计工程师1,上海-奉贤区,3-4年经验,大专,招2人,04-20发布,机械设计制造及其自动化
6-8千/月,初级机械工程JuniorMechanicalEngineer,上海-浦东新区,1年经验,大专,招1人,04-20发布,英语良好,机械设计制造及其自动化机械工程及自动化
5-8千/月,机械绘图员,上海-青浦区,无工作经验,招2人,04-20发布
0.6-1.2万/月,机械工程师,上海-松江区,1年经验,大专,招3人,04-20发布
,QualityEngineer(机械),上海-徐汇区,2年经验,本科,招1人,04-20发布,英语熟练
6-8千/月,机械设计工程师,上海-松江区,2年经验,大专,招3人,04-20发布,机械设计制造及其自动化机械电子工程/机电一体化
4.5-6千/月,机械项目合伙人,上海-静安区,1年经验,高中,招1人,04-20发布
3-4.5千/月,机械工程师（应届生）,上海-奉贤区,无工作经验,大专,招5人,04-20发布,英语良好,机械设计制造及其自动化过程装备与控制工程
3-4.5千/月,机械工程师助理,上海-浦东新区,无工作经验,大专,招5人,04-20发布
4.5-6千/月,机械设计,上海-闵行区,无工作经验,本科,招2人,04-20发布
4.5-6千/月,机械工程师,上海-松江区,无工作经验,大专,招1人,04-20发布,英语良好,机械设计制造及其自动化机械电子工程/机电一体化
4-6千/月,机械设计绘图员,上海-嘉定区,1年经验,大专,招1人,04-20发布,英语一般,机械电子工程/机电一体化机械设计制造及其自动化
10-20万/年,机械质量工程师,上海-嘉定区,3-4年经验,本科,招1人,04-20发布
3-8千/月,机械设计工程师（接受实习生）,上海-嘉定区,无工作经验,大专,招2人,04-20发布,机械设计制造及其自动化机械电子工程/机电一体化
6-8千/月,机械设计工程师,上海,1年经验,大专,招1人,04-20发布,机械设计制造及其自动化机械电子工程/机电一体化
4.5-7千/月,机械设计工程师（含应届生）,上海,无工作经验,本科,招6人,04-20发布
0.8-1万/月,机械工程师MechanicalEngineer,上海-浦东新区,1年经验,本科,招1人,04-20发布
6-8千/月,机械工程师,上海,2年经验,大专,招2人,04-20发布,英语良好,机械工程及自动化机械设计制造及其自动化
1.2-2万/月,机械主管,上海-松江区,5-7年经验,本科,招2人,04-20发布,英语一般,机械设计制造及其自动化机械电子工程/机电一体化
1-1.5万/月,机械工程师,上海-奉贤区,3-4年经验,大专,招1人,04-20发布,英语熟练,机械工程及自动化机械制造工艺与设备
15-20万/年,高级机械工程师,上海-徐汇区,5-7年经验,本科,招2人,04-20发布,机械设计制造及其自动化电气工程及其自动化
1.5-1.8万/月,机械工程师,上海-嘉定区,3-4年经验,本科,招1人,04-20发布,英语熟练,机械电子工程/机电一体化医学技术
0.5-1万/月,机械项目工程师,上海-长宁区,3-4年经验,本科,招1人,04-20发布,普通话精通
6-8千/月,机械设计工程师,上海-浦东新区,2年经验,大专,招2人,04-20发布
4-8千/月,机械设计工程师,上海-嘉定区,2年经验,大专,招1人,04-20发布
1-1.5万/月,机械装配工艺工程师,上海-松江区,8-9年经验,本科,招1人,04-20发布,英语熟练,机械设计制造及其自动化材料成型及控制工程
0.6-1.5万/月,包装机械设计工程师,上海-松江区,3-4年经验,大专,招2人,04-20发布
0.8-1.2万/月,机械设计,上海-宝山区,2年经验,本科,招若干人,04-20发布
1-1.5万/月,机械工程师,上海-松江区,3-4年经验,本科,招5人,04-20发布,机械设计制造及其自动化机械电子工程/机电一体化
3.5-5千/月,机械装配工,上海-青浦区,3-4年经验,高中,招若干人,04-20发布
0.8-1.2万/月,机械工程师,上海-青浦区,无工作经验,招1人,04-20发布
1-2万/月,专利代理人（电子、通讯或机械方向）,上海-虹口区,2年经验,本科,招1人,04-20发布,英语良好
0.8-1.2万/月,机械设计工程师,上海-松江区,3-4年经验,招若干人,04-20发布
4.5-6千/月,机械绘图员,上海-浦东新区,1年经验,大专,招1人,04-20发布
1-1.5万/月,高级机械设计工程师,上海-闵行区,5-7年经验,大专,招2人,04-20发布,英语良好,机械设计制造及其自动化工业设计
5-8千/月,机械研发工程师,上海-徐汇区,2年经验,本科,招2人,04-20发布
6-8千/月,高新聘请-机械工程师,上海-嘉定区,2年经验,大专,招2人,04-20发布,英语良好,机械工程及自动化机械制造工艺与设备
5-6.5千/月,机械制图员,上海-金山区,1年经验,大专,招1人,04-20发布,机械制造工艺与设备机械电子工程/机电一体化
0.8-1.5万/月,机械工程师,上海-松江区,无工作经验,本科,招10人,04-20发布,英语良好,机械设计制造及其自动化机械电子工程/机电一体化
6-8千/月,机械工程师,上海-闵行区,无工作经验,招1人,04-20发布
0.7-1万/月,机械工程师,上海-奉贤区,3-4年经验,本科,招1人,04-20发布,机械制造工艺与设备机械设计制造及其自动化
1-1.5万/月,机械工程师,上海-浦东新区,3-4年经验,大专,招若干人,04-20发布,英语良好
0.6-2.5万/月,机械设计研发工程师,上海-宝山区,1年经验,本科,招2人,04-20发布,机械设计制造及其自动化应用物理学
6-8千/月,流体机械工程师,上海-闵行区,2年经验,本科,招2人,04-20发布,英语一般,机械制造工艺与设备
6-8千/月,机械工程师,上海-松江区,1年经验,大专,招若干人,04-20发布
6-8千/月,模具设计师机械制图热流道,上海,无工作经验,中专,招3人,04-20发布
4.5-6千/月,机械工程师,上海-青浦区,无工作经验,本科,招1人,04-20发布,普通话熟练,机械设计制造及其自动化集成电路设计与集成系统
6-8千/月,化工机械工程师,上海-浦东新区,1年经验,大专,招5人,04-20发布,英语一般,化工设备与机械化学工程与工艺
6-8千/月,机械设计工程师,上海,5-7年经验,大专,招2人,04-20发布,机械设计制造及其自动化机械电子工程/机电一体化
5-8千/月,装配工（机械、液压）,上海-浦东新区,无工作经验,招17人,04-20发布
4-5.5千/月,机械设计材料工程自动化等专业应往届生,上海-浦东新区,无工作经验,大专,招1人,04-20发布,英语一般,机械设计制造及其自动化模具设计与制造
0.8-1万/月,机械工程师,上海-青浦区,无工作经验,大专,招若干人,04-20发布
18-28万/年,机械工程师,上海-松江区,无工作经验,硕士,招若干人,04-20发布,英语良好,飞行器制造工程机械工程及自动化
7.5-9千/月,设备工程师/机械工程师,上海-松江区,无工作经验,本科,招若干人,04-20发布
4.5-8千/月,机械设计工程师,上海,无工作经验,招1人,04-20发布
1-1.5万/月,机械工程师（技术方向或者业务方向）,上海-普陀区,无工作经验,本科,招5人,04-20发布,机械设计制造及其自动化
0.6-2万/月,机械工程师,上海-奉贤区,3-4年经验,本科,招2人,04-20发布
6-8千/月,工程机械销售/国际贸易,上海-松江区,3-4年经验,大专,招若干人,04-20发布,英语良好韩语/朝鲜语良好
0.8-1.2万/月,机械工程师(职位编号：001),上海-闵行区,1年经验,高中,招15人,04-20发布,机械设计制造及其自动化机械电子工程/机电一体化
0.8-1.2万/月,高级机械工程师,上海-闵行区,1年经验,本科,招3人,04-20发布
6-8千/月,机械结构工程师(职位编号：1031),上海-浦东新区,2年经验,大专,招若干人,04-20发布
4.5-6千/月,工程/机械绘图员（可接受实习生）,上海,3-4年经验,本科,招1人,04-20发布,英语良好
5-8千/月,机械工程师,上海-松江区,1年经验,本科,招2人,04-20发布,英语一般,机械设计制造及其自动化
6-8千/月,机械工程师,上海-嘉定区,2年经验,大专,招1人,04-20发布
6-8千/月,机械工程师,上海-杨浦区,1年经验,大专,招2人,04-20发布
0.8-1.5万/月,机械审图,上海,5-7年经验,大专,招若干人,04-20发布
4.5-8千/月,助理机械工程师,上海-奉贤区,无工作经验,大专,招4人,04-20发布
5.5-6.5千/月,自动化机械工程师（设备部储备干部）,上海,无工作经验,本科,招若干人,04-20发布,机械电子工程/机电一体化
5.5-8.5千/月,汽车机械工程师,上海,1年经验,招3人,04-20发布
1-1.5万/月,机械加工工艺工程师,上海,5-7年经验,本科,招1人,04-20发布,英语,制造工程机械制造工艺与设备
0.8-1.5万/月,机械设计高级工程师,上海-闵行区,无工作经验,招2人,04-20发布
1-1.5万/月,机械工程师,上海-青浦区,无工作经验,招2人,04-20发布
0.8-1万/月,机械设计工程师(职位编号：001),上海-普陀区,3-4年经验,大专,招2人,04-20发布,机械设计制造及其自动化工业设计
18-30万/年,自动化机械工程师,上海,5-7年经验,本科,招若干人,04-20发布,英语良好,机械设计制造及其自动化自动化
4-6千/月,机械质量检验员,上海-闵行区,1年经验,中专,招3人,04-20发布
0.6-1万/月,机械结构设计师(职位编号：007),上海-嘉定区,3-4年经验,大专,招1人,04-20发布,机械电子工程/机电一体化模具设计与制造
1.5-2万/月,高级机械工程师(职位编号：5),上海-闵行区,8-9年经验,本科,招1人,04-20发布
5-8千/月,机械工程师,上海-浦东新区,无工作经验,本科,招3人,04-20发布
7-9千/月,机械设计工程师,上海-浦东新区,3-4年经验,本科,招1人,04-20发布,英语
6-8千/月,工程/机械绘图员,上海-嘉定区,3-4年经验,本科,招3人,04-20发布,英语良好,机械设计制造及其自动化
0.6-2万/月,机械工程师,上海-松江区,1年经验,大专,招5人,04-20发布
0.6-1万/月,机械设计师,上海-青浦区,3-4年经验,大专,招2人,04-20发布
10-15万/年,机械工程师,上海-徐汇区,3-4年经验,本科,招10人,04-20发布,英语良好
3-4.5千/月,机械j加工绘图员,上海-金山区,2年经验,中专,招2人,04-20发布
1-1.5万/月,工科留学服务顾问（机械/自动化/计算机/电子电气）,上海-黄浦区,无工作经验,本科,招1人,04-20发布,英语熟练
6-8千/月,专利代理人（机械方向）,上海-静安区,1年经验,本科,招5人,04-20发布,英语良好英语良好,机械电子工程/机电一体化材料成型及控制工程
1-1.5万/月,机械设计师,上海-杨浦区,5-7年经验,本科,招5人,04-20发布,英语熟练普通话精通,机械电子工程/机电一体化
0.8-1万/月,机械加工工艺工程师,上海-嘉定区,10年以上经验,大专,招若干人,04-20发布
0.6-1.3万/月,机械设计师(职位编号：02),上海-松江区,2年经验,招2人,04-20发布
0.6-1万/月,机械设计工程师,上海-青浦区,3-4年经验,本科,招2人,04-20发布,英语熟练
8-10万/年,机械工程师(接受应届生),上海-宝山区,无工作经验,大专,招若干人,04-20发布,英语良好,机械设计制造及其自动化模具设计与制造
6-8千/月,机械设计工程设计师/机械工程师,上海-徐汇区,2年经验,本科,招3人,04-20发布,机械设计制造及其自动化机械工程及自动化
0.8-1万/月,机械部品采购担当,上海,3-4年经验,本科,招若干人,04-20发布,机械设计制造及其自动化
6-8千/月,机械工程师,上海-嘉定区,3-4年经验,本科,招1人,04-20发布,机械设计制造及其自动化机械电子工程/机电一体化
5-8千/月,设备工程师/机械工程师,上海,无工作经验,本科,招1人,04-20发布
1-1.5万/月,机械结构设计,上海-闵行区,无工作经验,硕士,招4人,04-20发布
6-8千/月,机械设计工程师（五险一金）190220,上海,无工作经验,招10人,04-20发布
0.8-1万/月,大型机械管理人员,上海-闵行区,5-7年经验,招若干人,04-20发布
8-10万/年,机械工艺工程师,上海-徐汇区,3-4年经验,大专,招3人,04-20发布,机械设计制造及其自动化机械制造工艺与设备
0.7-1万/月,机械工程师,上海-闵行区,2年经验,大专,招1人,04-20发布
6-8千/月,机械工程师/机械绘图员/机械/制图员/工艺急聘,上海-金山区,1年经验,本科,招若干人,04-20发布,英语熟练普通话
10-20万/年,产品开发经理（建筑机械行业）,上海,3-4年经验,本科,招1人,04-20发布
6-8千/月,机械设计师,上海-嘉定区,无工作经验,大专,招5人,04-20发布
3-4.5千/月,机械设计工程师,上海-长宁区,无工作经验,大专,招5人,04-20发布
4.5-6千/月,助理机械工程师,上海-浦东新区,无工作经验,大专,招3人,04-20发布
4.5-6千/月,机械工程师(职位编号：1),上海-嘉定区,10年以上经验,本科,招1人,04-20发布,机械制造工艺与设备
5-7万/月,诚聘工业工程/机械工程/电气工程等论文写手,上海-黄浦区,无工作经验,硕士,招100人,04-20发布
0.8-1万/月,机械设计工程师,上海-松江区,无工作经验,大专,招若干人,04-20发布
0.7-1.2万/月,机械设计师,上海-杨浦区,2年经验,本科,招5人,04-20发布,机械设计制造及其自动化
0.6-1万/月,机械设计（熟悉注塑/模具成型工艺）10K(职位编号：LC180929),上海,无工作经验,大专,招若干人,04-20发布
1-1.5万/月,机械结构工程师/高级结构工程师,上海-闵行区,5-7年经验,大专,招1人,04-20发布,机械设计制造及其自动化机械电子工程/机电一体化
120元/天,机械专业实习生,上海,无工作经验,本科,招1人,04-20发布,机械设计制造及其自动化机械制造工艺与设备
3.5-7千/月,机械装配师,上海-奉贤区,3-4年经验,中专,招20人,04-20发布,普通话良好,机械设计制造及其自动化
0.6-1.2万/月,食品机械工程师,上海,5-7年经验,本科,招2人,04-20发布
1-1.5万/月,机械工程师,上海-奉贤区,无工作经验,本科,招1人,04-20发布,机械类
0.4-1万/月,机械工程师,梧州,2年经验,大专,招5人,04-20发布,普通话良好
4.5-6千/月,质量检验员(机械制造),上海-宝山区,2年经验,中技,招2人,04-20发布
6-8千/月,机械修理工,上海-浦东新区,无工作经验,招2人,04-20发布
0.5-1万/月,机械结构工程师,上海-嘉定区,1年经验,本科,招2人,04-20发布
6-9千/月,加工中心/CNC加工/数控中心/机械加工,上海-松江区,2年经验,中技,招2人,04-20发布,机械电子工程/机电一体化机械设计制造及其自动化
20-30万/年,产品工程师（机械）,上海-浦东新区,3-4年经验,本科,招1人,04-20发布
0.8-1.5万/月,机械工程师,上海-杨浦区,无工作经验,大专,招3人,04-20发布,机械设计制造及其自动化机械电子工程/机电一体化
18-25万/年,光模块机械结构工程师,苏州,无工作经验,本科,招1人,04-20发布
0.8-1.5万/月,机械工程师,上海-嘉定区,2年经验,大专,招2人,04-20发布
4-8千/月,CAD绘图员/机械工程师,上海-嘉定区,2年经验,大专,招2人,04-20发布,机械设计制造及其自动化
1-1.5万/月,机械工程师,上海-闵行区,2年经验,大专,招1人,04-20发布
0.3-1万/月,机械调试工程师,上海-杨浦区,无工作经验,中技,招3人,04-20发布
1-2万/月,机械工程师,上海,8-9年经验,本科,招若干人,04-20发布,英语良好
1.2-2.5万/月,机械设计经理,上海-嘉定区,1年经验,大专,招1人,04-20发布,机械设计制造及其自动化机械电子工程/机电一体化
1-1.5万/月,机械结构工程师,上海-杨浦区,无工作经验,招若干人,04-20发布
0.6-1万/月,专业除尘器机械设计师,上海-宝山区,1年经验,大专,招若干人,04-20发布,普通话熟练英语熟练,机械设计制造及其自动化材料成型及控制工程
0.5-1.2万/月,机械绘图员(职位编号：201601),上海-松江区,无工作经验,中技,招3人,04-20发布
,DesignEngineer/机械设计工程师,上海-嘉定区,无工作经验,本科,招1人,04-20发布,英语良好
,SeniorApplicationEngineer_AgriculturalMachinery高级应用工程师-农用机械(职位编号：REF27591G),上海,5-7年经验,招若干人,04-20发布
5-6.5千/月,机械维修工,上海-嘉定区,2年经验,中专,招1人,04-20发布
6-8千/月,机械结构工程师,上海-杨浦区,无工作经验,大专,招若干人,04-20发布
6-8千/月,助理工程师（机械设计/产品设计/结构设计）,上海-浦东新区,1年经验,大专,招1人,04-20发布
4-7千/月,机械相关专业毕业生,上海-奉贤区,无工作经验,招2人,04-20发布
1-1.5万/月,机械封装工程师,上海-奉贤区,3-4年经验,硕士,招2人,04-20发布
0.8-1.2万/月,机械工程师,上海-青浦区,2年经验,大专,招3人,04-20发布
0.8-1.5万/月,机械设计工程师（日企）,上海,无工作经验,招若干人,04-20发布
5-6千/月,机械检验员,上海,2年经验,中专,招1人,04-20发布
0.4-1.2万/月,机械设计工程师,上海-闵行区,2年经验,大专,招若干人,04-20发布
,(SSLS)DesignEngineer-机械设计工程师(职位编号：TPMT63315),上海,2年经验,本科,招若干人,04-20发布,英语良好
,（SEDS）供应商质量工程师（机械件）（106597）(职位编号：106597),上海,3-4年经验,本科,招若干人,04-20发布,英语良好
4.5-6千/月,印刷后道机械设备主管,上海-闵行区,5-7年经验,招2人,04-20发布
0.6-1万/月,机械工程师,上海-浦东新区,无工作经验,本科,招6人,04-20发布
3.5-5千/月,机械装配实习生,上海,无工作经验,初中及以下,招若干人,04-20发布
0.8-1万/月,机械工程师,上海-浦东新区,无工作经验,本科,招1人,04-20发布,英语良好
2-2.5万/月,急聘/机械/电气/通信/医学/写手,上海-黄浦区,无工作经验,招20人,04-20发布
1-1.5万/月,机械工程师,上海-静安区,10年以上经验,大专,招1人,04-20发布
3-4万/月,机械安全防护咨询与培训师,上海-闵行区,10年以上经验,本科,招若干人,04-20发布,普通话精通,机械设计制造及其自动化
5-8千/月,机械工程师,上海-闵行区,无工作经验,本科,招3人,04-20发布,英语良好,机械设计制造及其自动化机械工程及自动化
0.3-1.5万/月,机械工程师,绍兴,2年经验,大专,招5人,04-20发布,机械设计制造及其自动化机械电子工程/机电一体化
5.5-7千/月,机械维护员,嘉兴,5-7年经验,中技,招2人,04-20发布
6-8千/月,机械结构工程师(塑胶模具）,上海-松江区,2年经验,大专,招1人,04-20发布
6-8千/月,机械设计工程师,上海-浦东新区,2年经验,本科,招若干人,04-20发布,英语一般
6-8万/年,机械仿真软件技术支持,上海-浦东新区,无工作经验,本科,招若干人,04-20发布,机械设计制造及其自动化模具设计与制造
0.7-1.2万/月,机械设计工程师,上海-闵行区,1年经验,大专,招2人,04-20发布
4.5-6千/月,机械装配工技术员,上海-嘉定区,无工作经验,本科,招若干人,04-20发布,机械电子工程/机电一体化
6-8千/月,机械工程师(职位编号：CN311058),上海-闵行区,2年经验,本科,招若干人,04-20发布,英语熟练
6-8千/月,机械设计工程师,上海-普陀区,无工作经验,招若干人,04-20发布
1-1.5万/月,机械工程师,上海-浦东新区,3-4年经验,本科,招若干人,04-20发布,英语良好,机械设计制造及其自动化机械电子工程/机电一体化
0.8-1万/月,机械工程师有C语言基础优先,上海-静安区,无工作经验,大专,招6人,04-20发布
0.8-1万/月,资深应用工程师（机械类）,上海,3-4年经验,大专,招2人,04-20发布,英语熟练,机械设计制造及其自动化模具设计与制造
6-8千/月,机械设计工程师,上海-浦东新区,无工作经验,招2人,04-20发布
5-7千/月,CAD机械制图,上海-浦东新区,2年经验,中专,招2人,04-20发布
6-8千/月,ABB机械手技术员,上海-松江区,无工作经验,招5人,04-20发布
4.5-6千/月,电气工程师、机械工程师、设备工程师,上海-闵行区,5-7年经验,中专,招1人,04-20发布
5-8千/月,2019年土木机械类毕业生招聘,上海-松江区,无工作经验,本科,招10人,04-20发布
1-1.5万/月,机械工程师,上海-松江区,3-4年经验,大专,招2人,04-20发布,英语良好
1-1.5万/月,机械工程师-白车身设备设计,上海,3-4年经验,招若干人,04-20发布
1.5-2.5万/月,高级机械工程师/机械开发主管,上海-嘉定区,2年经验,本科,招1人,04-20发布
1-1.5万/月,机械工程师,上海-松江区,无工作经验,招2人,04-20发布
1-1.5万/月,机械设计工程师,上海-青浦区,5-7年经验,本科,招5人,04-20发布,机械设计制造及其自动化
0.8-1万/月,机械工程师,上海-浦东新区,无工作经验,本科,招2人,04-20发布,普通话良好英语良好,机械设计制造及其自动化机械工程及自动化
0.6-1.5万/月,机械工程师,上海-浦东新区,3-4年经验,大专,招1人,04-20发布
1-1.5万/月,SourcingSpecialist--机械类采购员,上海-黄浦区,3-4年经验,本科,招1人,04-20发布
0.4-1万/月,售后机械维修工程师,上海,1年经验,大专,招6人,04-20发布
2-3万/月,机械设计工程师,上海-静安区,5-7年经验,本科,招1人,04-20发布
0.5-1万/月,机械工程师,上海,2年经验,本科,招4人,04-20发布,英语一般,机械设计制造及其自动化机械制造工艺与设备
0.6-1万/月,机械设计工程师,上海-青浦区,5-7年经验,中专,招2人,04-20发布,机械设计制造及其自动化材料成型及控制工程
6-8千/月,机械3D建模工程师,上海-徐汇区,1年经验,大专,招若干人,04-20发布,英语良好,计算机应用机械工程及自动化
0.6-1.2万/月,机械设计工程师,上海-嘉定区,10年以上经验,大专,招3人,04-20发布,英语良好
6-8千/月,机械设计,上海,2年经验,大专,招3人,04-20发布
0.6-1.2万/月,机械环境测试工程师,上海-普陀区,1年经验,本科,招2人,04-20发布,英语良好,制造自动化与测控技术电气工程及其自动化
1-1.5万/月,Creo二次开发/机械CAD开发工程师）,上海-嘉定区,无工作经验,招1人,04-20发布
0.8-1.2万/月,机械设计工程师,上海-宝山区,5-7年经验,本科,招若干人,04-20发布
0.7-1万/月,食品机械设计工程师,上海,3-4年经验,本科,招3人,04-20发布
1-1.5万/月,机械工程师,上海-长宁区,3-4年经验,本科,招若干人,04-20发布,英语,机械设计制造及其自动化模具设计与制造
1-1.5万/月,机械设计绘图(职位编号：3),上海-松江区,5-7年经验,大专,招2人,04-20发布,普通话精通,模具设计与制造工业设计
0.7-1万/月,CAD绘图机械绘图产品结构工程师,上海-青浦区,2年经验,大专,招3人,04-20发布,普通话,机械设计制造及其自动化
4-8千/月,机械装配工,上海-嘉定区,1年经验,招5人,04-20发布
5-8千/月,PE工程师/工艺工程师/机械制图员,上海-金山区,3-4年经验,大专,招1人,04-20发布
6-8千/月,机械工程师,上海,无工作经验,招1人,04-20发布
150元/天,机械零件采购助理/Mechanicalpurchasingassistant,上海-浦东新区,无工作经验,本科,招若干人,04-20发布,英语熟练,机械设计制造及其自动化机械电子工程/机电一体化
0.5-1万/月,机械工程师,上海-嘉定区,无工作经验,大专,招6人,04-20发布
9-16万/年,机械结构工程师,上海-嘉定区,1年经验,本科,招2人,04-20发布,英语良好,机械设计制造及其自动化车辆工程
4-7千/月,生产计划PMC（机械模具行业）,上海-金山区,2年经验,大专,招1人,04-20发布
,机械设计工程师,上海,无工作经验,本科,招若干人,04-20发布
0.5-1.2万/月,机械设计工程师,上海-青浦区,1年经验,本科,招1人,04-20发布
,机械设计工程师（SummerIntern）,上海-浦东新区,无工作经验,本科,招1人,04-20发布
6-8千/月,SimulationEngineer机械仿真工程师,上海,无工作经验,硕士,招1人,04-20发布
,维修技术员（机械）,上海-闵行区,3-4年经验,招1人,04-20发布
0.5-1万/月,机械工程师,成都-新都区,2年经验,大专,招2人,04-20发布,机械设计制造及其自动化过程装备与控制工程
4.5-6.5千/月,机械设计工程师,上海-松江区,1年经验,大专,招1人,04-20发布
6-8万/年,机械技术工程师,上海-松江区,2年经验,大专,招1人,04-20发布
4.5-8千/月,船舶轮机机械工程师,上海-闵行区,无工作经验,大专,招1人,04-20发布,英语,船舶与海洋工程电气工程及其自动化
3-4.5千/月,机械制图,上海-青浦区,1年经验,大专,招2人,04-20发布,机械设计制造及其自动化机械制造工艺与设备
15-20万/年,机械工程师,上海-宝山区,2年经验,本科,招若干人,04-20发布,英语良好
0.6-1万/月,机械工程师,上海-嘉定区,无工作经验,招3人,04-20发布
0.5-1万/月,机械工程师,上海-松江区,3-4年经验,大专,招4人,04-20发布
0.8-1万/月,机械设计工程师(职位编号：20181213-hekmfj-sh-002),上海,2年经验,大专,招1人,04-20发布,日语良好
0.8-1.2万/月,机械工程师,上海-浦东新区,3-4年经验,本科,招若干人,04-20发布,英语,机械设计制造及其自动化机械电子工程/机电一体化
1-1.5万/月,机械工程师,上海-青浦区,无工作经验,招2人,04-20发布
0.8-1.5万/月,机械工程师,上海-浦东新区,2年经验,本科,招2人,04-20发布,英语良好
0.8-1万/月,机械工程师,上海-浦东新区,2年经验,大专,招1人,04-20发布
10-25万/年,供应链-高级自动化开发工程师（机械方向）,杭州,无工作经验,招5人,04-20发布
6-8千/月,机械工程师,上海-嘉定区,2年经验,大专,招3人,04-20发布,英语一般,机械设计制造及其自动化机械电子工程/机电一体化
10-18万/年,机械工程师-空调压缩机,上海,3-4年经验,本科,招1人,04-20发布
1-1.5万/月,维修工程师/设备工程师/机械工程师,上海-松江区,1年经验,本科,招3人,04-20发布,英语良好
1-1.5万/月,自动化机械工程师,上海-奉贤区,无工作经验,招若干人,04-20发布
0.8-1.6万/月,机械工程师、燃烧产品研发工程师,上海,2年经验,本科,招若干人,04-20发布,英语,热能与动力工程机械设计制造及其自动化
4.5-6千/月,机械绘图,上海,无工作经验,大专,招若干人,04-20发布
10-15万/年,机械设备造型设计师,上海-黄浦区,2年经验,大专,招若干人,04-20发布
4-6千/月,舞台机械师,上海-浦东新区,2年经验,中专,招若干人,04-20发布
1.3-2.5万/月,供应商开发工程师（机械专业）,上海-嘉定区,3-4年经验,大专,招20人,04-20发布,英语一般
0.8-1万/月,机械工程师,上海-松江区,3-4年经验,本科,招1人,04-20发布,机械设计制造及其自动化
0.8-1万/月,机械工程师,上海,无工作经验,大专,招1人,04-20发布
15-25万/年,自动化机械工程师,苏州-工业园区,无工作经验,本科,招若干人,04-20发布
6-8千/月,机械设计,上海-奉贤区,1年经验,大专,招2人,04-20发布,机械设计制造及其自动化机械工程及自动化
4.5-6千/月,机械绘图员,上海-普陀区,无工作经验,招1人,04-20发布
4.5-6千/月,机械绘图员,上海-嘉定区,无工作经验,本科,招2人,04-20发布
6-9千/月,（真空）机械设计工程师,上海-嘉定区,2年经验,本科,招1人,04-20发布
0.5-1万/月,机械技术工程师,上海-闵行区,2年经验,本科,招2人,04-20发布,英语良好,机械电子工程/机电一体化机械工程及自动化
0.8-1万/月,销售工程师（机械自动化、仪器仪表）,上海,1年经验,大专,招5人,04-20发布,英语一般
0.8-1.6万/月,（超紧急）机械设备销售担当应届生可ID:6408,上海,3-4年经验,大专,招1人,04-20发布
0.8-1.6万/月,机械设计师(职位编号：006),上海-青浦区,3-4年经验,大专,招2人,04-20发布,英语熟练,机械设计制造及其自动化
3-4.5千/月,机械装配学徒工,上海-金山区,无工作经验,招5人,04-20发布
4.5-6千/月,机械设计工程师,上海,无工作经验,大专,招3人,04-20发布,机械设计制造及其自动化机械工程及自动化
3-5千/月,机械绘图员,苏州-吴中区,无工作经验,招2人,04-20发布
4.5-6千/月,机械、机电、机电一体化、工业自动化的专业人才(职位编号：002),上海-普陀区,1年经验,大专,招5人,04-20发布
4.5-6千/月,学生***CAD绘图机械制图,上海-浦东新区,无工作经验,中专,招3人,04-20发布
,ApplicationEngineer应用工程师（偏机械）,上海-闵行区,3-4年经验,本科,招若干人,04-20发布,英语熟练,机械制造工艺与设备机械设计制造及其自动化
3-4.5千/月,机械类应届毕业生,上海-金山区,无工作经验,大专,招5人,04-20发布
2-3万/月,资深机械设计工程师,昆山,8-9年经验,大专,招3人,04-20发布
1-1.5万/月,自动化机械设计工程师,上海-嘉定区,3-4年经验,大专,招2人,04-20发布,机械设计制造及其自动化机械制造工艺与设备
1-1.3万/月,非标机械工程师,上海-静安区,5-7年经验,本科,招1人,04-20发布
10-15万/年,机械工程师/结构工程师,上海,无工作经验,招1人,04-20发布
3-4.5千/月,机械实习生,上海-浦东新区,无工作经验,大专,招1人,04-20发布
0.6-1万/月,采购业务主管（机械、五金、电子原件）,上海-普陀区,5-7年经验,大专,招1人,04-20发布,普通话
1-2.5万/月,EPS机械开发主管/高级工程师,上海-浦东新区,无工作经验,本科,招1人,04-20发布
3-4.5千/月,机械工程师/储备干部,绍兴,1年经验,大专,招3人,04-20发布
1-1.5万/月,机械设计工程师,嘉兴,3-4年经验,本科,招2人,04-20发布,英语熟练,电子信息科学与技术机械设计制造及其自动化
0.8-1万/月,机械设计工程师mechanicaldesignengineer（上海）,上海,3-4年经验,本科,招若干人,04-20发布
1-1.5万/月,诚聘专业机械及自动化/土木工程/生物/计算机写手,武汉-洪山区,无工作经验,硕士,招若干人,04-20发布
4.5-6千/月,机械装配工,上海-宝山区,3-4年经验,中专,招3人,04-20发布
0.6-1.5万/月,矿山机械外贸业务,上海-浦东新区,2年经验,大专,招1人,04-20发布,英语良好俄语良好
6-8千/月,机械设计工程师,上海-嘉定区,3-4年经验,大专,招5人,04-20发布,机械设计制造及其自动化包装工程
0.9-1.5万/月,机械工程师（工程部）,上海,3-4年经验,大专,招3人,04-20发布,机械设计制造及其自动化
1.5-2万/月,机械设计经理,上海-松江区,5-7年经验,大专,招1人,04-20发布
1-1.4万/月,日语汽配机械油销售-上海日企--10-14K(职位编号：HR190128),上海,2年经验,大专,招1人,04-20发布,日语熟练
6-8千/月,机械设计及CNC加工编程,上海-浦东新区,1年经验,中技,招若干人,04-20发布
1.5-2万/月,高级机械工程师,上海-奉贤区,5-7年经验,本科,招1人,04-20发布
6-8千/月,机械设备工程师,上海-奉贤区,2年经验,大专,招1人,04-20发布,机械制造工艺与设备
1.5-2.5万/月,传动机械设计工程师,上海-浦东新区,无工作经验,招1人,04-20发布
6-8.5万/年,机械装配,上海,1年经验,高中,招2人,04-20发布
0.5-1.5万/月,机械设计工程师,上海-闵行区,3-4年经验,大专,招5人,04-20发布,普通话,机械设计制造及其自动化机械工程及自动化
5-8千/月,机械工程师,上海-奉贤区,3-4年经验,中专,招3人,04-20发布,普通话熟练,机械电子工程/机电一体化
4.5-6千/月,机械装配工,上海-奉贤区,1年经验,中技,招10人,04-20发布
4.5-6千/月,机械操作工,上海-奉贤区,无工作经验,招1人,04-20发布
5-5.5千/月,机械装配工,上海-嘉定区,1年经验,高中,招2人,04-20发布,普通话,模具设计与制造制造工程
0.8-1.2万/月,机械工程师,上海-嘉定区,3-4年经验,本科,招若干人,04-20发布
4-7千/月,机械设计工程师,上海-奉贤区,1年经验,大专,招1人,04-20发布
0.5-1万/月,压缩机械技术工程师,上海-金山区,1年经验,中专,招2人,04-20发布,英语一般,机械设计制造及其自动化机械电子工程/机电一体化
6-8千/月,机械工程师,上海-青浦区,无工作经验,招若干人,04-20发布
0.8-1万/月,机械工程师,上海-松江区,无工作经验,招1人,04-20发布,英语英语,机械设计制造及其自动化机械电子工程/机电一体化
4.5-6千/月,机械设计工程师,上海-嘉定区,无工作经验,招2人,04-20发布
6-8千/月,机械检验员,上海-奉贤区,2年经验,招若干人,04-20发布
5-8千/月,机械装配工,上海-奉贤区,1年经验,中技,招3人,04-20发布,普通话熟练
6-8千/月,机械绘图员,上海-奉贤区,2年经验,大专,招5人,04-20发布
4-6万/月,研发总监（机械设计）-欧美企业,太仓,无工作经验,博士,招1人,04-20发布
4.5-7千/月,外贸助理（机械相关专业，英语4级及以上）,上海-浦东新区,无工作经验,大专,招1人,04-20发布,英语熟练
0.5-1.8万/月,机械设计工程师,上海-金山区,无工作经验,招5人,04-20发布
0.8-1.5万/月,机械工程师(职位编号：003),上海,3-4年经验,本科,招1人,04-20发布,机械工程及自动化机械设计制造及其自动化
0.6-1.2万/月,机械工程师（上海）(职位编号：装备事业部),上海-松江区,5-7年经验,本科,招1人,04-20发布,机械设计制造及其自动化机械制造工艺与设备
2-5万/月,高级机械工程师,佛山,无工作经验,招2人,04-20发布
0.5-1万/月,机械设计（英语）,上海,无工作经验,本科,招3人,04-20发布
4.5-6千/月,初、高中生、机械大专毕业生,上海,无工作经验,招若干人,04-20发布
3-4.5千/月,机械设计制图工程师(实习生）,上海-浦东新区,1年经验,中技,招5人,04-20发布
6-8千/月,机械工程师,上海-浦东新区,3-4年经验,大专,招若干人,04-20发布
6-8千/月,机械工程师,上海,3-4年经验,本科,招2人,04-20发布
6-8千/月,机械行业顾问,上海-长宁区,无工作经验,大专,招3人,04-20发布
4.5-6千/月,机械设计师,上海-嘉定区,无工作经验,大专,招5人,04-20发布
3-4.5千/月,百鸿国际机械招销售助理,上海-松江区,3-4年经验,中专,招若干人,04-20发布
1-1.5万/月,机械设计师MechanicalDesigner,上海-松江区,3-4年经验,本科,招1人,04-20发布,英语熟练,机械设计制造及其自动化
1.2-2万/月,自动化机械工程师,台州,8-9年经验,本科,招2人,04-20发布
5-8千/月,机械工程师（设计、工艺）(职位编号：03),南通,2年经验,大专,招5人,04-20发布
5-7千/月,机械技术员（缝纫机）,上海,1年经验,大专,招1人,04-20发布
0.5-1万/月,机械加工工艺员,上海-浦东新区,2年经验,中技,招1人,04-20发布,普通话普通话,机械制造工艺与设备机械设计制造及其自动化
0.4-1万/月,机械设计,上海-青浦区,1年经验,中专,招5人,04-20发布
6-8千/月,机械设计工程师,上海-嘉定区,无工作经验,大专,招3人,04-20发布
,机械维修工程师(职位编号：557804),上海-浦东新区,无工作经验,招若干人,04-20发布
,机械工程师,上海,无工作经验,硕士,招若干人,04-20发布,英语
0.8-1万/月,机械设计工程师,上海-松江区,5-7年经验,本科,招2人,04-20发布,机械设计制造及其自动化机械电子工程/机电一体化
4.5-6千/月,空调/机械/装饰/电工/督导,上海,1年经验,招4人,04-20发布
6-8千/月,自动化机械工程师,上海-浦东新区,3-4年经验,大专,招3人,04-20发布,机械设计制造及其自动化机械电子工程/机电一体化
3-4.5千/月,机械技术员,上海-奉贤区,1年经验,大专,招1人,04-20发布
0.8-1万/月,机械行业市场开发（需会日语）,上海,3-4年经验,大专,招1人,04-20发布,日语熟练
1.2-2万/月,机械工程师（上海凯流）,上海-嘉定区,无工作经验,招1人,04-20发布
0.8-1万/月,机械设计（日语）,上海-嘉定区,3-4年经验,大专,招2人,04-20发布
0.5-1万/月,机械工程师,上海-松江区,3-4年经验,本科,招若干人,04-20发布,机械设计制造及其自动化机械工程及自动化
1.5-2万/月,高级机械工程师（工业机器人本体）,上海-松江区,5-7年经验,本科,招2人,04-20发布
3.5-5千/月,机械维修员,上海,无工作经验,招1人,04-20发布
6-9千/月,安全管理（机械）,上海-闵行区,无工作经验,本科,招若干人,04-20发布
0.8-1.2万/月,机械工程师,上海-嘉定区,3-4年经验,大专,招1人,04-20发布
1-1.3万/月,机械高级工程师,上海-嘉定区,8-9年经验,大专,招2人,04-20发布
3-6千/月,机械装配工,上海-青浦区,无工作经验,招5人,04-20发布
0.8-1.5万/月,机械结构工程师,上海-嘉定区,2年经验,大专,招若干人,04-20发布
4-6千/月,工程机械绘图员（工作地点南通）,上海-嘉定区,无工作经验,招2人,04-20发布
4.5-6千/月,机械检验员,上海,无工作经验,招2人,04-20发布
0.8-1万/月,（急）日语机械/电气设计技术者,上海-闵行区,1年经验,本科,招2人,04-20发布,日语良好
5-8千/月,助理工程师（机械维修）,上海-嘉定区,无工作经验,本科,招1人,04-20发布,英语良好,机械设计制造及其自动化机械电子工程/机电一体化
0.8-1万/月,包装机械工程师,嘉兴,2年经验,大专,招若干人,04-20发布
1-1.8万/月,MECHANICALDESIGNENGINEER机械设计工程师,上海-浦东新区,5-7年经验,本科,招1人,04-20发布,英语良好,机械设计制造及其自动化机械工程及自动化
4.5-6千/月,机械设计工程师,上海-宝山区,无工作经验,大专,招2人,04-20发布
4.5-6千/月,机械销售,上海-金山区,1年经验,大专,招2人,04-20发布
0.8-1.2万/月,机械设计工程师,上海-闵行区,无工作经验,本科,招2人,04-20发布
4-5千/月,电机机械检验员,上海-松江区,无工作经验,招若干人,04-20发布
5-7千/月,助理机械工程师,上海-松江区,无工作经验,本科,招5人,04-20发布,英语熟练,机械设计制造及其自动化机械工程及自动化
6-8千/月,CAD绘图员/机械工程师-奉贤,上海-奉贤区,无工作经验,招若干人,04-20发布
6-8千/月,机械工程师,上海-松江区,2年经验,大专,招3人,04-20发布,英语良好
4.5-6千/月,机械设计工程师,苏州-吴江区,2年经验,本科,招5人,04-20发布,机械设计制造及其自动化机械工程及自动化
6-8千/月,机械设计工程师,上海-松江区,2年经验,大专,招2人,04-20发布,机械电子工程/机电一体化机械设计制造及其自动化
0.8-1.5万/月,机械工程师,上海-浦东新区,3-4年经验,本科,招1人,04-20发布
15-20万/年,研发机械工程师,上海-杨浦区,无工作经验,本科,招1人,04-20发布
1-1.5万/月,机械工程师,上海-嘉定区,1年经验,大专,招2人,04-20发布,普通话良好,机械设计制造及其自动化工业设计
4.5-6千/月,机械设计工程师,上海-嘉定区,1年经验,大专,招2人,04-20发布,英语一般,机械设计制造及其自动化
1.2-2.5万/月,主任化工机械设计工程师,上海-浦东新区,5-7年经验,本科,招若干人,04-20发布,机械设计制造及其自动化化工设备与机械
0.8-1.2万/月,机械设计-上海-00018,上海,无工作经验,招1人,04-20发布
0.8-1万/月,机械工程师/QC工程师,上海,3-4年经验,本科,招1人,04-20发布,英语熟练
1-1.5万/月,机械工程师,上海-杨浦区,3-4年经验,本科,招1人,04-20发布,英语一般,机械设计制造及其自动化机械工程及自动化
4.5-6千/月,机械设计,上海-长宁区,无工作经验,中技,招1人,04-20发布
,MiningInspector（工程机械）,上海-浦东新区,5-7年经验,大专,招1人,04-20发布
0.8-1.5万/月,机械工程师,上海-徐汇区,3-4年经验,大专,招1人,04-20发布,英语熟练
0.8-1.5万/月,机械工程设计师,上海-虹口区,2年经验,高中,招2人,04-20发布
1.2-1.8万/月,机械工程师（机械组长）,上海-嘉定区,5-7年经验,本科,招3人,04-20发布
1.5-2万/月,设备机械工程师,上海-松江区,10年以上经验,本科,招1人,04-20发布,机械设计制造及其自动化工业设计
6-8千/月,机械工程师,上海-松江区,2年经验,本科,招2人,04-20发布,机械设计制造及其自动化机械制造工艺与设备
0.8-1万/月,传动设备机械工程师,上海-金山区,3-4年经验,大专,招2人,04-20发布
6.5-7.5千/月,机械工程师,上海,3-4年经验,本科,招2人,04-20发布,普通话,机械电子工程/机电一体化电子封装技术
4-6千/月,管理培训生（应届机械),上海-浦东新区,无工作经验,大专,招5人,04-20发布,英语一般
1-1.5万/月,机械三维动画设计师,上海-浦东新区,3-4年经验,大专,招3人,04-20发布,英语熟练,机械设计制造及其自动化机械工程及自动化
12-25万/年,机械工程师,上海-徐汇区,3-4年经验,本科,招若干人,04-20发布,机械设计制造及其自动化
1-1.5万/月,高级机械工程师,上海-浦东新区,3-4年经验,本科,招5人,04-20发布,英语熟练
0.8-1.2万/月,机械设计工程师,上海-嘉定区,3-4年经验,本科,招1人,04-20发布,英语良好,机械设计制造及其自动化机械工程及自动化
4.5-6千/月,机械制图工程师,上海-浦东新区,无工作经验,大专,招1人,04-20发布
1-1.5万/月,机械结构工程师,上海-青浦区,3-4年经验,本科,招1人,04-20发布,机械设计制造及其自动化机械制造工艺与设备
0.8-2万/月,机械设计工程师,上海-杨浦区,2年经验,本科,招2人,04-20发布,机械设计制造及其自动化机械电子工程/机电一体化
1-1.5万/月,金属材料、机械设备、国际贸易、工商管理,上海-静安区,1年经验,本科,招2人,04-20发布,英语精通,金属材料工程材料成型及控制工程
5-7千/月,机械设计工程师(职位编号：002),上海-嘉定区,1年经验,本科,招2人,04-20发布,普通话,机械设计制造及其自动化机械电子工程/机电一体化
15-20万/年,（机械工厂直招）外贸销售/外贸专员/外贸业务员,上海-金山区,无工作经验,招5人,04-20发布
1-1.5万/月,高级机械工程师,上海-闵行区,10年以上经验,本科,招1人,04-20发布,普通话良好英语一般,机械设计制造及其自动化机械工程及自动化
0.6-1.2万/月,机械设计工程师,上海,无工作经验,本科,招2人,04-20发布
0.6-1万/月,机械设计工程师,上海-闵行区,3-4年经验,大专,招2人,04-20发布,工业设计机械电子工程/机电一体化
0.5-1万/月,机械设计工程师,上海-奉贤区,1年经验,大专,招2人,04-20发布
0.5-1万/月,机械工程师,上海-青浦区,无工作经验,本科,招3人,04-20发布,英语一般,机械设计制造及其自动化机械电子工程/机电一体化
3-4.5千/月,机械，电气实习生,上海-金山区,无工作经验,中技,招3人,04-20发布,电气工程及其自动化自动化
,机械工程师,上海-浦东新区,2年经验,本科,招5人,04-20发布,英语一般,机械设计制造及其自动化化学工程与工艺
4.5-5.5千/月,机械绘图员,上海-浦东新区,1年经验,中专,招1人,04-20发布
4.5-6千/月,售后维修（机械维修）,上海-金山区,无工作经验,招5人,04-20发布
6-8千/月,机械工程师,上海,3-4年经验,大专,招若干人,04-20发布,英语一般,机械设计制造及其自动化
0.8-2万/月,机械工程师,上海-松江区,无工作经验,大专,招3人,04-20发布,英语良好
0.5-1万/月,光伏支架系统工程师/机械设计工程师,上海-浦东新区,2年经验,大专,招5人,04-20发布
4.5-6千/月,机械设计人员,上海-嘉定区,2年经验,大专,招若干人,04-20发布,机械设计制造及其自动化机械电子工程/机电一体化
0.7-1.2万/月,机械设计工程师,上海-浦东新区,2年经验,本科,招3人,04-20发布
0.6-1万/月,机械设计工程师（可接受应届毕业生）,上海,2年经验,大专,招若干人,04-20发布
0.8-1.2万/月,机械工程师,上海-浦东新区,5-7年经验,本科,招2人,04-20发布,英语,机械设计制造及其自动化
4-5千/月,机械绘图员,上海-浦东新区,无工作经验,大专,招1人,04-20发布,英语一般
1-1.5万/月,机械设计工程师,上海-闵行区,2年经验,大专,招若干人,04-20发布,英语良好,机械设计制造及其自动化过程装备与控制工程
5-8千/月,模具设计工程师/结构工程师/机械工程师,上海-嘉定区,2年经验,招若干人,04-20发布
0.4-2万/月,JOB00033-机械工程师(职位编号：JOB00033),上海-长宁区,3-4年经验,本科,招6人,04-20发布,英语良好,机械电子工程/机电一体化机械设计制造及其自动化
5-6千/月,机械产品工程师,上海,1年经验,大专,招1人,04-20发布,英语良好,工业设计
,机械工程师,上海-闵行区,3-4年经验,本科,招2人,04-20发布
4.5-6千/月,技术研发部助理机械工程师助理,上海-闵行区,1年经验,大专,招1人,04-20发布,英语良好,机械设计制造及其自动化机械电子工程/机电一体化
9.6-18万/年,机械结构工程师,上海-浦东新区,3-4年经验,大专,招2人,04-20发布,机械设计制造及其自动化机械电子工程/机电一体化
0.6-2万/月,机械设计工程师,上海-闵行区,无工作经验,大专,招3人,04-20发布
1-1.5万/月,机械设计工程师,上海-嘉定区,3-4年经验,大专,招2人,04-20发布
1-1.5万/月,机械设计师,上海,10年以上经验,大专,招1人,04-20发布
1-1.5万/月,机械结构总工程师,上海-闵行区,5-7年经验,本科,招1人,04-20发布,机械设计制造及其自动化工业设计
0.8-1万/月,机械工程师,上海-嘉定区,2年经验,大专,招若干人,04-20发布,机械设计制造及其自动化工业设计
7-9千/月,工程机械绘图员,上海-闵行区,1年经验,大专,招若干人,04-20发布,机械设计制造及其自动化机械制造工艺与设备
1-1.5万/月,机械/钣金工艺工程师,上海-浦东新区,3-4年经验,大专,招2人,04-20发布
0.8-1万/月,机械（电气）服务工程师,上海-长宁区,2年经验,本科,招1人,04-20发布,机械设计制造及其自动化机械电子工程/机电一体化
150元/天,实习生（机械类）,上海,无工作经验,本科,招若干人,04-20发布,机械设计制造及其自动化机械工程及自动化
3-6千/月,电话销售/机械电话销售,上海-嘉定区,1年经验,中专,招2人,04-20发布
1-1.5万/月,机械设计工程师,上海-闵行区,5-7年经验,本科,招若干人,04-20发布
0.8-1.2万/月,产品设计和开发工程师（机械）,上海-奉贤区,无工作经验,本科,招1人,04-20发布,英语精通,机械设计制造及其自动化
6-7.5千/月,港口机械产品技术支持工程师,上海-浦东新区,无工作经验,招1人,04-20发布
5-8千/月,机械工程师,上海-奉贤区,无工作经验,大专,招2人,04-20发布
6-8千/月,机械工程师,上海-松江区,3-4年经验,大专,招2人,04-20发布
4.5-6千/月,机械绘图员,上海-浦东新区,1年经验,大专,招2人,04-20发布,英语一般,机械设计制造及其自动化机械电子工程/机电一体化
7-9千/月,机械工程师,上海-松江区,3-4年经验,大专,招1人,04-20发布,英语良好,机械设计制造及其自动化机械制造工艺与设备
10-40万/年,机械工程师,上海-松江区,5-7年经验,大专,招3人,04-20发布,机械设计制造及其自动化机械电子工程/机电一体化
6-8千/月,机械工程师,上海-闵行区,2年经验,大专,招2人,04-20发布,英语良好,机械工程及自动化
0.6-2万/月,机械工程师,上海-普陀区,5-7年经验,大专,招若干人,04-20发布
1-1.5万/月,机械工程师,上海-徐汇区,10年以上经验,本科,招2人,04-20发布,工业设计机械设计制造及其自动化
10-30万/年,机械结构工程师,上海-静安区,5-7年经验,本科,招2人,04-20发布,电气工程及其自动化
0.8-1.2万/月,机械设计工程师,上海-闵行区,3-4年经验,大专,招1人,04-20发布,普通话熟练,工业设计机械制造工艺与设备
1-1.5万/月,机械工程师,上海-青浦区,3-4年经验,本科,招2人,04-20发布
0.7-1.5万/月,自动化机械设计工程师,上海-浦东新区,5-7年经验,大专,招6人,04-20发布
0.8-1万/月,机械设计工程师,上海-浦东新区,3-4年经验,本科,招1人,04-20发布,英语熟练,机械设计制造及其自动化机械工程及自动化
0.8-1.5万/月,机械工程师,上海-闵行区,无工作经验,招2人,04-20发布
0.8-1万/月,机械工程师,上海-松江区,无工作经验,招1人,04-20发布
1-1.5万/月,机械设计工程师（管道）,上海-浦东新区,3-4年经验,本科,招1人,04-20发布,英语精通
0.8-1万/月,机械工程师,嘉兴,无工作经验,本科,招若干人,04-20发布
1-2万/月,资深机械设计工程师,上海-嘉定区,无工作经验,本科,招5人,04-20发布
0.6-1万/月,Piping&MechanicalEngineer管道机械设计工程师,上海-浦东新区,1年经验,本科,招1人,04-20发布,英语良好
5-7千/月,机电工程师\车辆工程师\机械工程师(职位编号：QA03),上海-奉贤区,无工作经验,本科,招2人,04-20发布,英语良好,机械工程及自动化机械设计制造及其自动化
8-10万/年,机械设计工程师,上海-奉贤区,1年经验,本科,招若干人,04-20发布,英语良好,机械设计制造及其自动化机械工程及自动化
0.8-1万/月,机械设计师,上海-嘉定区,5-7年经验,本科,招5人,04-20发布,英语熟练
0.6-1.2万/月,机械设计工程师,上海,无工作经验,本科,招若干人,04-20发布,英语熟练,机械设计制造及其自动化机械电子工程/机电一体化
0.8-1.1万/月,机械工艺工程师,上海,5-7年经验,大专,招1人,04-20发布,机械制造工艺与设备机械设计制造及其自动化
1-1.5万/月,机械设计工程师,上海-浦东新区,5-7年经验,本科,招6人,04-20发布,英语良好,机械设计制造及其自动化机械电子工程/机电一体化
15-20万/年,机械设计工程师MechanicalDesignEngineer,上海-松江区,无工作经验,本科,招1人,04-20发布,英语熟练德语熟练
0.8-1.5万/月,机械工程师,上海,无工作经验,大专,招若干人,04-20发布
3-6千/月,装配工（机械）,上海-浦东新区,无工作经验,招若干人,04-20发布
0.8-1万/月,机械工程师(职位编号：ZEMAGMINDAC004),上海-普陀区,3-4年经验,大专,招1人,04-20发布
7-9千/月,采购员/工程师（机械类零配件供应）,上海-浦东新区,1年经验,大专,招3人,04-20发布,英语一般
1-1.5万/月,机械工程师,上海-闵行区,3-4年经验,本科,招4人,04-20发布,英语熟练,机械设计制造及其自动化机械制造工艺与设备
6-8千/月,机械设计工程师MechanicalDesignEngineer,上海-浦东新区,2年经验,大专,招1人,04-20发布,英语熟练
0.9-1.5万/月,机械工程师,上海-闵行区,5-7年经验,本科,招1人,04-20发布,机械设计制造及其自动化机械电子工程/机电一体化
0.6-1万/月,舞台机械技术,上海,3-4年经验,大专,招2人,04-20发布
4.5-6千/月,管理培训生（机械类）,上海-浦东新区,无工作经验,本科,招1人,04-19发布
6-8千/月,机械设备公司聘技术支持兼销售,上海-虹口区,无工作经验,大专,招2人,04-19发布,英语一般,机械设计制造及其自动化机械电子工程/机电一体化
0.7-1.2万/月,机械制图员、设计工程师,上海-金山区,无工作经验,本科,招2人,04-19发布,英语良好,机械设计制造及其自动化机械电子工程/机电一体化
4.5-6千/月,机械装配,上海-嘉定区,3-4年经验,中技,招若干人,04-19发布,机械制造工艺与设备制造工程
0.5-1.3万/月,机器人机械工程师,郑州-金水区,无工作经验,招2人,04-19发布
0.6-1.5万/月,研发部机械设计工程师（2人）,上海-松江区,无工作经验,本科,招2人,04-19发布,英语良好,机械设计制造及其自动化机械制造工艺与设备
1-2万/月,机械工程师（液路流体）,上海-浦东新区,无工作经验,招若干人,04-19发布
1.5-2万/月,设备机械工程师(职位编号：004587),上海,无工作经验,本科,招若干人,04-19发布
0.6-1.5万/月,机械工程师(职位编号：201301),上海-松江区,2年经验,大专,招6人,04-19发布,机械设计制造及其自动化机械电子工程/机电一体化
6-8千/月,日语/营业/客户维护担当/机械,上海-长宁区,无工作经验,大专,招1人,04-19发布,日语熟练
4.5-6千/月,机械绘图员/CAD绘图员,上海-松江区,1年经验,大专,招2人,04-19发布,机械设计制造及其自动化机械电子工程/机电一体化
5-8千/月,机械结构设计工程师,上海-徐汇区,无工作经验,本科,招若干人,04-19发布,机械类测控技术与仪器
1-1.8万/月,机械设计工程师,上海-浦东新区,3-4年经验,本科,招1人,04-19发布
1-1.5万/月,机械设计工程师,上海-嘉定区,3-4年经验,大专,招若干人,04-19发布
0.8-1万/月,500强外资工业公司招机械工程师,上海,无工作经验,招若干人,04-19发布
,GEE-环境测试/机械测试工程师,上海-嘉定区,3-4年经验,本科,招若干人,04-19发布,英语精通
0.5-1.2万/月,机械设计工程师,苏州-工业园区,2年经验,本科,招5人,04-19发布,机械设计制造及其自动化
6-8千/月,设备维修/机械维修/设备保养+包吃住,上海-金山区,3-4年经验,招2人,04-19发布
0.4-1.2万/月,英语翻译（机械领域）,上海-虹口区,无工作经验,本科,招若干人,04-19发布,英语熟练
3-4.5千/月,机械工程师,上海,无工作经验,本科,招8人,04-19发布
6-8千/月,机械工程师1,上海-浦东新区,2年经验,本科,招2人,04-19发布
0.6-1.2万/月,机械结构设计工程师,上海-徐汇区,1年经验,大专,招1人,04-19发布
0.5-1万/月,服务工程师（机电/汽��/机械),上海-嘉定区,2年经验,大专,招2人,04-19发布,普通话精通,汽车服务工程车辆工程
4.5-6千/月,机械工程师(职位编号：120003),上海-松江区,无工作经验,大专,招1人,04-19发布,普通话良好英语一般
3.5-4.5千/月,电工机修维修机械机电修理,上海-宝山区,无工作经验,初中及以下,招2人,04-19发布
1.5-3万/月,机械结构工程师,上海-青浦区,无工作经验,本科,招2人,04-19发布
1-1.5万/月,机械工程师MechanicalEngineer,上海-徐汇区,3-4年经验,本科,招1人,04-19发布,英语熟练,机械设计制造及其自动化机械工程及自动化
1-1.5万/月,机械工程师（车类开发优先）,上海,无工作经验,招1人,04-19发布
5-8千/月,机械制图员/CAD,上海-浦东新区,3-4年经验,大专,招1人,04-19发布,普通话良好,机械设计制造及其自动化机械电子工程/机电一体化
0.8-1万/月,机械工程师（轴承）/技术质量工程师,上海,3-4年经验,大专,招1人,04-19发布,英语良好,机械设计制造及其自动化机械制造工艺与设备
6-8千/月,机械加工车间主管,上海-浦东新区,5-7年经验,大专,招1人,04-19发布,机械设计制造及其自动化机械电子工程/机电一体化
1-1.5万/月,机械工程师,上海-浦东新区,3-4年经验,本科,招1人,04-19发布
6-8千/月,机械工程师,上海-闵行区,3-4年经验,大专,招若干人,04-19发布,机械设计制造及其自动化机械制造工艺与设备
1.7-2.2万/月,非标机械工程师,上海-闵行区,无工作经验,招1人,04-19发布
1-1.5万/月,汽车机械设计工程师,上海,3-4年经验,本科,招2人,04-19发布,日语熟练英语熟练
0.6-1.2万/月,机械设计工程师(夹具设计方向),上海-奉贤区,2年经验,本科,招2人,04-19发布
0.8-1万/月,机械工程师（10000元左右/月）,上海-松江区,2年经验,大专,招2人,04-19发布
1.5-2.5万/月,资深机械工程师,上海-浦东新区,3-4年经验,本科,招6人,04-19发布
1-1.5万/月,机械设计工程师,上海-闵行区,3-4年经验,本科,招2人,04-19发布,英语熟练,机械设计制造及其自动化工业设计
0.9-1.8万/月,机械主管工程师,上海-徐汇区,5-7年经验,本科,招2人,04-19发布,英语熟练,机械设计制造及其自动化
1-1.5万/月,机械工程师,上海-闵行区,2年经验,本科,招4人,04-19发布,英语,机械设计制造及其自动化材料成型及控制工程
5-6.5千/月,机械检测员,上海-普陀区,无工作经验,本科,招2人,04-19发布,英语良好,机械设计制造及其自动化机械电子工程/机电一体化
0.6-1万/月,化工机械工程师,上海,无工作经验,本科,招若干人,04-19发布
7-9千/月,刀具设计员/机械设计工程师,上海-嘉定区,3-4年经验,大专,招1人,04-19发布
0.8-1.5万/月,机械设计师,上海-闵行区,2年经验,大专,招5人,04-19发布,工业设计
0.6-1万/月,Consultant(MachinerySafety)机械安全顾问,上海-长宁区,无工作经验,本科,招若干人,04-19发布,英语熟练
1-1.5万/月,西班牙语外贸销售（机械设备）,上海-嘉定区,无工作经验,大专,招若干人,04-19发布,西班牙语熟练,西班牙语国际商务
6-8千/月,质检员(电子/机械方向)做五休二190102,上海-浦东新区,无工作经验,招10人,04-20发布
7-9千/月,机械设计师,上海-普陀区,3-4年经验,本科,招2人,04-19发布
500元/天,机械设计工程师(***),上海-浦东新区,3-4年经验,本科,招1人,04-19发布
0.8-1.6万/月,现场服务工程师（机械）ServiceEngineer,上海,5-7年经验,本科,招1人,04-19发布,普通话熟练英语熟练,机械设计制造及其自动化电气工程及其自动化
1-1.5万/月,机械工程师,上海,3-4年经验,大专,招2人,04-19发布
1-2万/月,机械结构工程师,上海-浦东新区,无工作经验,大专,招若干人,04-19发布,英语良好
0.6-1.5万/月,专利代理人/工程师（日语/机械机电）,上海-徐汇区,1年经验,本科,招4人,04-19发布,日语精通
0.5-1万/月,机械专员,上海-宝山区,无工作经验,中专,招1人,04-19发布,电气工程及其自动化自动化
0.7-1.2万/月,机械设计工程师（非标）,上海-嘉定区,3-4年经验,大专,招5人,04-19发布
0.8-1.5万/月,机械工程师,上海-松江区,3-4年经验,大专,招1人,04-19发布
1.5-2.7万/月,行业销售主管-机械,上海,5-7年经验,本科,招若干人,04-19发布
4-6千/月,电梯机械辅助设计（应届毕业生）,上海-松江区,无工作经验,本科,招10人,04-19发布
1-1.5万/月,机械设计工程师,上海-普陀区,3-4年经验,大专,招若干人,04-19发布,机械设计制造及其自动化机械电子工程/机电一体化
6-8千/月,生产技术课机械设计,上海-松江区,3-4年经验,大专,招1人,04-19发布
2-3万/月,Plumbing/MechanicalDesignEngineer管道和机械设计,上海-浦东新区,5-7年经验,招1人,04-19发布
0.6-1.2万/月,机械工程师,上海-松江区,无工作经验,本科,招1人,04-19发布
0.8-4万/月,自动化机械工程师,上海-青浦区,3-4年经验,大专,招12人,04-19发布,普通话良好,机械设计制造及其自动化机械电子工程/机电一体化
4.5-7.5千/月,机械工程师助理,上海-宝山区,2年经验,大专,招3人,04-19发布,英语良好,机械设计制造及其自动化机械制造工艺与设备
1-1.5万/月,高级机械设计工程师(职位编号：YG-150002),上海-嘉定区,5-7年经验,本科,招2人,04-19发布,英语一般,机械电子工程/机电一体化
0.6-1.6万/月,机械设计,芜湖,3-4年经验,大专,招5人,04-19发布,普通话,机械设计制造及其自动化机械工程及自动化
6-8千/月,维修（机械设备）,上海-松江区,3-4年经验,中专,招1人,04-19发布
6-8千/月,售后工程师/设备技术员/机械维修,南昌-青山湖区,1年经验,高中,招若干人,04-19发布
0.7-1.6万/月,机械设计,上海-奉贤区,5-7年经验,大专,招1人,04-19发布,机械制造工艺与设备
8-12万/年,机械工程师,上海,无工作经验,大专,招3人,04-19发布,机械电子工程/机电一体化
6-8千/月,风电机组机械检测工程师,上海-浦东新区,1年经验,本科,招3人,04-19发布,英语熟练,机械电子工程/机电一体化机械设计制造及其自动化
0.6-1.2万/月,机械工程师,上海-浦东新区,无工作经验,大专,招1人,04-19发布
15-20万/年,机械设计工程师,上海-普陀区,2年经验,本科,招若干人,04-19发布
6-8千/月,机械设备工程师,上海,无工作经验,招10人,04-19发布
4-8千/月,机械装配钳工,湖州,2年经验,中技,招4人,04-19发布
6-8千/月,机械工程师,上海-闵行区,无工作经验,招1人,04-19发布
6-8千/月,机械工程师,上海-虹口区,无工作经验,招2人,04-19发布
0.6-1万/月,机械工程师(职位编号：304),上海,2年经验,大专,招3人,04-19发布
0.6-1.2万/月,(ID208871)医疗机械工艺工程师,上海,1年经验,大专,招1人,04-19发布,英语
14-22万/年,MechanicalProjectEngineer机械工程师,上海,无工作经验,招1人,04-19发布
1-1.5万/月,高级机械工程师,上海-闵行区,无工作经验,本科,招若干人,04-19发布
1.6-2.5万/月,资深逆变器机械开发工程师,上海-嘉定区,5-7年经验,本科,招若干人,04-19发布
0.6-1万/月,机械设计工程师,上海-浦东新区,3-4年经验,本科,招若干人,04-19发布,英语熟练,机械电子工程/机电一体化
8-20万/年,销售代表（机械行业）,上海,3-4年经验,大专,招1人,04-19发布
0.5-1万/月,机械工程师,上海-浦东新区,1年经验,本科,招2人,04-19发布,英语,机械设计制造及其自动化过程装备与控制工程
,APT-DesginEngineer（机械设计）,上海-青浦区,1年经验,本科,招1人,04-19发布
,机械设计（上海-闵行区）,上海-闵行区,3-4年经验,本科,招1人,04-19发布,日语一般,机械设计制造及其自动化
0.6-1.2万/月,机械工程师（白车身）,上海,3-4年经验,大专,招3人,04-19发布,英语一般
1-1.5万/月,机械工程师,上海-徐汇区,3-4年经验,本科,招1人,04-19发布,英语熟练,机械设计制造及其自动化
1.8-3.8万/月,CMP化学机械研磨资深工程师(职位编号：005510),上海-浦东新区,5-7年经验,硕士,招1人,04-19发布,英语良好
2-2.5万/月,自动洗车设备机械工程师,上海-闵行区,3-4年经验,大专,招2人,04-19发布
0.9-2万/月,机械设计工程师,上海-奉贤区,5-7年经验,大专,招3人,04-19发布,英语一般,机械设计制造及其自动化
2-4千/月,机械实习生,上海-闵行区,无工作经验,大专,招2人,04-19发布,机械设计制造及其自动化机械工程及自动化
0.8-1万/月,机械审图工程师,上海-金山区,8-9年经验,大专,招若干人,04-19发布
6-8千/月,机械工程师（2019年应届毕业生）,上海,无工作经验,本科,招5人,04-19发布,机械设计制造及其自动化机械电子工程/机电一体化
100万以上/年,总经理（工程机械行业）,上海,10年以上经验,本科,招1人,04-19发布,普通话熟练英语熟练
0.8-1万/月,机械工程师,昆山,5-7年经验,大专,招若干人,04-19发布,英语,机械设计制造及其自动化机械电子工程/机电一体化
0.6-1.5万/月,机械设计工程师,上海-嘉定区,3-4年经验,大专,招2人,04-19发布
4.5-7.5千/月,机械制图员,上海-青浦区,1年经验,大专,招5人,04-19发布,机械电子工程/机电一体化机械设计制造及其自动化
4.5-6千/月,机械工程师,上海-嘉定区,3-4年经验,大专,招若干人,04-19发布
1-1.5万/月,机械维修工程师,上海-浦东新区,5-7年经验,大专,招2人,04-19发布,英语良好
1-1.5万/月,低温机械,上海-浦东新区,无工作经验,硕士,招1人,04-19发布
6-8千/月,机械工程师,扬州,3-4年经验,本科,招3人,04-19发布,英语熟练,机械工程及自动化机械电子工程/机电一体化
1-1.5万/月,机械结构工程师,上海-嘉定区,5-7年经验,大专,招1人,04-19发布,上海话精通英语一般
0.8-1.2万/月,机械工程师,上海-松江区,3-4年经验,大专,招1人,04-19发布,英语良好
,机械开发工程师,上海-宝山区,无工作经验,本科,招1人,04-19发布,机械设计制造及其自动化机械电子工程/机电一体化
4.5-6千/月,机械工程师,上海-金山区,无工作经验,招3人,04-19发布
1-1.5万/月,机械设计工程师,上海-松江区,3-4年经验,本科,招若干人,04-19发布
1-1.5万/月,机械设计工程师,上海-奉贤区,3-4年经验,大专,招2人,04-19发布,英语熟练,机械设计制造及其自动化工业设计
1.5-2万/月,机械工程师,上海-长宁区,5-7年经验,本科,招1人,04-19发布
10-50万/年,机械工程师-新能源电驱动,上海,3-4年经验,本科,招若干人,04-19发布,英语熟练,机械设计制造及其自动化机械电子工程/机电一体化
1-1.5万/月,机械设计工程师,上海-松江区,2年经验,硕士,招1人,04-19发布,英语熟练,工业设计机械制造工艺与设备
5-9千/月,机械装配技师,上海,2年经验,中技,招若干人,04-19发布
4-8千/月,机械工程师,上海-闵行区,2年经验,大专,招1人,04-19发布,英语一般,机械设计制造及其自动化机械电子工程/机电一体化
4.5-6千/月,机械检验员、检验工程师,上海,3-4年经验,大专,招5人,04-19发布
4.5-6千/月,机械人员储备干部,上海-松江区,无工作经验,本科,招6人,04-19发布,普通话良好普通话良好,机械工程及自动化机械设计制造及其自动化
1-1.5万/月,机械设计工程师,上海-浦东新区,3-4年经验,本科,招5人,04-19发布,英语良好,机械设计制造及其自动化机械电子工程/机电一体化
3-8千/月,机械设计绘图师,上海-奉贤区,2年经验,大专,招2人,04-19发布,普通话一般,机械设计制造及其自动化
6-8千/月,机械设计***,上海-浦东新区,1年经验,大专,招1人,04-19发布
9-16万/年,机械结构工程师,上海-嘉定区,1年经验,本科,招2人,04-19发布,英语良好,车辆工程机械设计制造及其自动化
0.8-1.8万/月,非标/自动化工程师/机械设计,上海-松江区,3-4年经验,本科,招若干人,04-19发布,机械设计制造及其自动化机械工程及自动化
0.8-3万/月,机械工程师,上海-宝山区,3-4年经验,本科,招2人,04-19发布,普通话
1-2万/月,机械工程师,上海-浦东新区,5-7年经验,本科,招若干人,04-19发布,英语良好,机械设计制造及其自动化机械电子工程/机电一体化
0.8-1.5万/月,机械开发工程师,上海-闵行区,3-4年经验,大专,招1人,04-19发布
0.6-1.2万/月,方案/机械/设计工程师（机器人）,上海-徐汇区,2年经验,大专,招若干人,04-19发布,英语良好
0.5-2万/月,机械设计工程师(职位编号：01),上海-嘉定区,2年经验,大专,招1人,04-19发布,普通话,机械工程及自动化
1.5-2万/月,高级机械工程师（3C行业）,无锡,5-7年经验,本科,招4人,04-19发布
5-7千/月,机械制图员,上海-浦东新区,无工作经验,大专,招1人,04-19发布,英语
0.8-1.2万/月,机械电气装配组长,上海-松江区,5-7年经验,大专,招1人,04-19发布
1-1.5万/月,机械工程师,上海,1年经验,本科,招1人,04-19发布,英语
5-9千/月,生产主管(机械,扳金)(职位编号：67),上海-嘉定区,3-4年经验,高中,招1人,04-19发布
0.6-1万/月,机械结构工程师,上海-闵行区,无工作经验,招1人,04-19发布
0.6-1万/月,机械设计师,上海-浦东新区,无工作经验,大专,招1人,04-19发布,英语一般
7.5-8.5万/年,2019届毕业生（过程装备与控制工程/机械设计自动化）,上海,无工作经验,招10人,04-19发布
1-1.1万/月,项目总监--（工业机器人--机械臂方向）,上海-浦东新区,10年以上经验,本科,招1人,04-19发布
0.3-1.5万/月,自动化机械设计工程师,西安-西咸新区,3-4年经验,大专,招3人,04-19发布,普通话精通,机械工程及自动化机械设计制造及其自动化
,机械工程师,上海-闵行区,无工作经验,招2人,04-19发布
4.5-6千/月,机械加工检验员,上海-松江区,2年经验,高中,招2人,04-19发布
5.5-7.5千/月,维修技师（机械/机电类）,上海,2年经验,中技,招3人,04-19发布,机械设计制造及其自动化机械电子工程/机电一体化
6-8千/月,机械工程师,上海-宝山区,3-4年经验,大专,招1人,04-19发布
0.6-1万/月,机械制图员,上海-浦东新区,2年经验,大专,招2人,04-19发布,英语良好
1-1.5万/月,机械工程师(J10067),上海-闵行区,5-7年经验,本科,招2人,04-19发布
1-1.5万/月,机械设计工程师（非标自动化设备方向）,上海,2年经验,本科,招2人,04-19发布
0.7-1万/月,结构设计师/机械结构工程师,南通,2年经验,本科,招3人,04-19发布
0.8-1.2万/月,机械设计工程师,上海-浦东新区,2年经验,本科,招若干人,04-19发布,机械工程及自动化机械电子工程/机电一体化
5.5-10万/年,技术助理（机械专业）,上海-嘉定区,1年经验,大专,招5人,04-19发布,英语,机械设计制造及其自动化
0.6-3万/月,机械结构工程师,上海-浦东新区,2年经验,本科,招2人,04-19发布,船舶与海洋工程机械设计制造及其自动化
6-8千/月,机械设计工程师,上海-奉贤区,无工作经验,本科,招3人,04-19发布,机械设计制造及其自动化
0.8-1.2万/月,机械设计工程师,上海-嘉定区,2年经验,大专,招3人,04-19发布
5.4-8.1千/月,机械工程师,上海-奉贤区,无工作经验,本科,招2人,04-19发布,机械设计制造及其自动化
1-1.5万/月,营业担当（树脂、电子、医疗、生物、机械、消费品等）,上海,无工作经验,招10人,04-19发布
6-8千/月,采购跟单-机械专业优先,上海-长宁区,1年经验,本科,招1人,04-19发布,英语熟练,机械设计制造及其自动化国际经济与贸易
1-2万/月,机械主任工程师,上海-浦东新区,5-7年经验,本科,招若干人,04-19发布
15-20万/年,销售代表/销售工程师（机械、化工、营销专业优先）,上海-宝山区,2年经验,大专,招若干人,04-19发布,机械设计制造及其自动化应用化学
0.6-1万/月,机械工程师,上海,5-7年经验,本科,招若干人,04-19发布
0.6-1.5万/月,机械设计工程师,上海-闵行区,3-4年经验,本科,招1人,04-19发布,英语熟练,机械设计制造及其自动化机械电子工程/机电一体化
0.8-1.1万/月,机械设计工程师,上海-奉贤区,3-4年经验,本科,招若干人,04-19发布,机械设计制造及其自动化工业设计
1-1.5万/月,机械设计工程师,上海-松江区,2年经验,大专,招若干人,04-19发布,英语良好英语良好,机械电子工程/机电一体化机械设计制造及其自动化
1.5-2万/月,机械设计工程师（非标设备方向）,上海,5-7年经验,大专,招2人,04-19发布
2-2.5万/月,高级机械工程师,上海-徐汇区,5-7年经验,硕士,招若干人,04-19发布,英语熟练,机械设计制造及其自动化材料成型及控制工程
3-6千/月,机械工程师（实习）,上海,无工作经验,硕士,招3人,04-19发布
1-1.5万/月,自动化机械设计工程师,上海-徐汇区,5-7年经验,大专,招若干人,04-19发布
6-8千/月,项目实施工程师(电气，机械),上海-浦东新区,2年经验,中专,招若干人,04-19发布,英语良好,电气工程及其自动化机械电子工程/机电一体化
6-8千/月,机械工程师,上海,无工作经验,大专,招2人,04-19发布
0.6-1万/月,机械工程师,上海-松江区,无工作经验,本科,招3人,04-19发布,机械设计制造及其自动化过程装备与控制工程
6-8千/月,机械维修及保养,上海,无工作经验,大专,招若干人,04-19发布
0.5-1.2万/月,机械设计工程师(职位编号：201710),上海-闵行区,3-4年经验,大专,招若干人,04-19发布,模具设计与制造机械制造工艺与设备
6-8千/月,机械加工工程师,上海-奉贤区,3-4年经验,大专,招1人,04-19发布
6-8千/月,机械设计工程师,上海-嘉定区,1年经验,大专,招2人,04-19发布,机械设计制造及其自动化机械制造工艺与设备
6-9千/月,二维/三维绘图/机械设计/结构设计,上海,3-4年经验,大专,招1人,04-19发布,英语良好
0.8-1万/月,洗涤设备销售工程师（汉虹精密机械）,上海,3-4年经验,大专,招5人,04-19发布,英语,机械设计制造及其自动化
1-1.5万/月,机械设计工程师,上海-奉贤区,3-4年经验,本科,招2人,04-19发布,机械设计制造及其自动化
0.8-1.5万/月,机械设备工程师,上海-普陀区,10年以上经验,大专,招1人,04-19发布,机械设计制造及其自动化机械工程及自动化
5.5-7千/月,机械设计工程师,上海-浦东新区,2年经验,本科,招2人,04-19发布
0.7-1.2万/月,机械工程师,上海-嘉定区,无工作经验,招1人,04-19发布
0.6-1万/月,机械工程师,上海-松江区,无工作经验,招若干人,04-19发布
